# Blender 5.2.2 LTS
# www.blender.org
mtllib forklift_body.mtl
o 1
v -0.752842 0.369000 0.000000
v -0.752876 0.375000 1.202952
v -0.185155 0.375000 1.637000
v -0.752367 0.375000 1.204852
v -0.511502 0.375000 1.622000
v -0.183904 0.368901 0.000000
v -0.485521 0.375000 1.637000
v -0.489992 0.375000 1.636665
v -0.508976 0.375000 1.625705
v -0.505926 0.375000 1.628992
v -0.502421 0.375000 1.631788
v -0.494364 0.375000 1.635668
v -0.498550 0.375000 1.634029
v -0.182965 0.374828 1.637000
v -0.180829 0.374315 1.637000
v -0.178800 0.373474 1.637000
v -0.180829 0.374315 0.000000
v -0.182965 0.374828 0.000000
v -0.178800 0.373474 1.640000
v -0.180829 0.374315 1.640000
v -0.182965 0.374828 1.640000
v -0.176926 0.372326 1.640000
v -0.175256 0.370899 1.640000
v -0.176926 0.372326 1.637000
v -0.175256 0.370899 1.637000
v -0.176926 0.372326 0.000000
v -0.175256 0.370899 0.000000
v -0.170145 0.365789 1.637000
v -0.170145 0.365789 1.637000
v -0.170145 0.365789 1.640000
v -0.170145 -0.365789 1.640000
v -0.170145 -0.365789 1.637000
v -0.175256 -0.370899 1.640000
v -0.176926 -0.372326 1.640000
v -0.178800 -0.373474 1.640000
v -0.178800 -0.373474 1.637000
v -0.176926 -0.372326 1.637000
v -0.175256 -0.370899 1.637000
v -0.182965 -0.374828 1.637000
v -0.180829 -0.374315 1.637000
v -0.180829 -0.374315 0.000000
v -0.178799 -0.373474 0.000000
v -0.182965 -0.374828 1.640000
v -0.180829 -0.374315 1.640000
v -0.485545 -0.375000 1.640000
v -0.485545 -0.375000 1.637000
v -0.185155 -0.375000 1.637000
v -0.185155 -0.375000 0.000000
v -0.182965 -0.374828 0.000000
v -0.485545 0.375000 1.640000
v -0.485545 0.375000 1.637000
v -0.185155 0.375000 1.640000
v -0.490017 0.375000 1.636665
v -0.490464 0.375000 1.639632
v -0.490464 -0.375000 1.639632
v -0.495272 0.375000 1.638534
v -0.499864 0.375000 1.636732
v -0.495272 -0.375000 1.638534
v -0.494388 0.375000 1.635668
v -0.490017 -0.375000 1.636665
v -0.752796 0.375000 1.203440
v -0.494388 -0.375000 1.635668
v -0.498562 -0.375000 1.634029
v -0.499864 -0.375000 1.636732
v -0.502445 -0.375000 1.631788
v -0.502445 0.375000 1.631788
v -0.504135 0.375000 1.634266
v -0.505951 0.375000 1.628992
v -0.507991 0.375000 1.631191
v -0.507991 -0.375000 1.631191
v -0.511346 0.375000 1.627575
v -0.504135 -0.375000 1.634266
v -0.505951 -0.375000 1.628992
v -0.509000 -0.375000 1.625705
v -0.509000 0.375000 1.625705
v -0.511526 0.375000 1.622000
v -0.514124 0.375000 1.623500
v -0.511346 -0.375000 1.627575
v -0.755359 -0.375000 1.205554
v -0.752702 -0.375000 1.203926
v -0.755644 -0.375000 1.204712
v -0.755644 0.375000 1.204712
v -0.755359 0.375000 1.205554
v -0.752587 0.375000 1.204406
v -0.752367 0.375000 1.204852
v -0.752747 0.375000 1.203935
v -0.752844 0.375000 1.203448
v -0.755818 0.375000 1.203839
v -0.755876 0.375000 1.202952
v -0.755818 -0.375000 1.203839
v -0.752876 -0.375000 1.202952
v -0.755876 -0.375000 1.202952
v -0.755876 -0.375000 0.873970
v -0.755876 0.375000 0.873970
v -0.752876 -0.375000 0.873970
v -0.752876 0.375000 0.873970
v -0.752876 0.375000 1.202952
v -0.754965 0.375000 1.206352
v -0.514124 -0.375000 1.623500
v -0.752684 0.375000 1.203918
v -0.182683 -0.368608 0.000000
v -0.183904 -0.368901 0.000000
v -0.185155 -0.369000 0.000000
v -0.752842 -0.375000 0.000000
v -0.752842 -0.369000 0.000000
v -0.511514 -0.375000 1.622000
v -0.181523 -0.368128 0.000000
v -0.176926 -0.372326 0.000000
v -0.180453 -0.367472 0.000000
v -0.175256 -0.370899 0.000000
v -0.179498 -0.366657 0.000000
v -0.151700 -0.347343 1.599434
v -0.151700 -0.347343 0.000000
v -0.150745 -0.346528 1.597387
v -0.150745 -0.346528 0.000000
v -0.149675 -0.345872 0.000000
v -0.154272 -0.341674 0.000000
v -0.149640 -0.345854 1.595016
v -0.155942 -0.343100 0.000000
v -0.148515 -0.345392 1.592604
v -0.147282 -0.345096 1.589959
v -0.147294 -0.345098 0.000000
v -0.148515 -0.345392 0.000000
v -0.146043 -0.345000 1.587303
v -0.146043 -0.345000 0.000000
v -0.146043 -0.339000 0.000000
v 0.693845 -0.339000 0.000000
v 0.047893 -0.339000 0.154636
v 0.047343 -0.339000 0.152347
v 0.048793 -0.339000 0.156810
v 0.062158 -0.339000 0.108000
v 0.050023 -0.339000 0.158817
v 0.047893 -0.339000 0.118365
v 0.047343 -0.339000 0.120654
v 0.051552 -0.339000 0.112394
v 0.053342 -0.339000 0.110865
v 0.055349 -0.339000 0.109635
v 0.047158 -0.339000 0.150000
v 0.047158 -0.339000 0.123000
v 0.048793 -0.339000 0.116190
v 0.050023 -0.339000 0.114184
v 0.057523 -0.339000 0.108734
v 0.059812 -0.339000 0.108185
v -0.148233 -0.339172 0.000000
v 0.592158 -0.339000 0.015000
v 0.051503 -0.339000 0.160666
v 0.053342 -0.345000 0.162136
v 0.051552 -0.345000 0.160607
v 0.053296 -0.339000 0.162186
v 0.055349 -0.345000 0.163365
v 0.055349 -0.339000 0.163365
v 0.057523 -0.339000 0.164266
v 0.057523 -0.345000 0.164266
v 0.059812 -0.345000 0.164816
v 0.693845 -0.345000 0.165000
v 0.047158 -0.345000 0.123000
v 0.047158 -0.345000 0.150000
v 0.047893 -0.345000 0.118365
v 0.047343 -0.345000 0.120654
v 0.047343 -0.345000 0.152347
v 0.047893 -0.345000 0.154636
v 0.048793 -0.345000 0.156810
v 0.050023 -0.345000 0.158817
v 0.062158 -0.345000 0.165000
v 0.693845 -0.339000 0.165000
v 0.059812 -0.339000 0.164816
v 0.062158 -0.339000 0.165000
v 0.132544 -0.342000 1.392235
v 0.132425 -0.342000 1.392774
v 0.132228 -0.342000 1.393290
v 0.132584 -0.342000 1.391684
v 0.132228 -0.345000 1.393290
v 0.019607 -0.345000 1.634806
v 0.132584 -0.345000 0.989678
v 0.132584 -0.345000 1.391684
v 0.132386 -0.345000 1.392762
v -0.149186 -0.345000 1.594110
v 0.019607 -0.342000 1.634806
v -0.149186 -0.342000 1.637000
v -0.150091 -0.342061 1.637000
v -0.150331 -0.345177 1.637000
v -0.151236 -0.342317 1.637000
v -0.149691 -0.345034 1.637000
v -0.149658 -0.345030 1.595171
v -0.150331 -0.345177 1.596546
v -0.149186 -0.345000 1.637000
v 0.016163 -0.345000 1.637000
v 0.016777 -0.345000 1.636950
v 0.016163 -0.342000 1.637000
v 0.016777 -0.342000 1.636950
v 0.017858 -0.342000 1.636435
v 0.017374 -0.345000 1.636802
v 0.017374 -0.342000 1.636802
v 0.017858 -0.345000 1.636435
v 0.018433 -0.345000 1.636186
v 0.018846 -0.345000 1.635746
v 0.018868 -0.342000 1.635763
v 0.018428 -0.342000 1.636190
v 0.019303 -0.345000 1.635341
v 0.019267 -0.342000 1.635317
v -0.150899 -0.345408 1.597919
v -0.150937 -0.345428 1.637000
v -0.151491 -0.345779 1.599293
v -0.153311 -0.343394 1.637000
v -0.152320 -0.342766 1.637000
v -0.151491 -0.345779 1.637000
v -0.151873 -0.346113 1.637000
v -0.153994 -0.343992 1.637000
v -0.171266 -0.361263 1.637000
v -0.170145 -0.365789 1.637000
v -0.151873 -0.346113 1.600355
v 0.149084 -0.342000 0.961100
v 0.701393 -0.343008 0.465000
v 0.701393 -0.343008 0.642224
v 0.743045 -0.297113 0.465000
v 0.699271 -0.340887 0.642224
v 0.743045 -0.297113 0.616951
v 0.743433 -0.296659 0.616951
v 0.743433 -0.296659 0.465000
v 0.745167 -0.299234 0.616951
v 0.745860 -0.298423 0.465000
v 0.745860 -0.298423 0.616951
v 0.745167 -0.299234 0.465000
v 0.746417 -0.297513 0.465000
v 0.746417 -0.297513 0.616951
v 0.743744 -0.296151 0.616951
v 0.743972 -0.295600 0.616951
v 0.743972 -0.295600 0.465000
v 0.743744 -0.296151 0.465000
v 0.746826 -0.296527 0.465000
v 0.746826 -0.296527 0.616951
v 0.747075 -0.295490 0.465000
v 0.744112 -0.295020 0.465000
v 0.747158 -0.294426 0.465000
v 0.744158 0.294426 0.465000
v 0.747158 -0.294426 0.616951
v 0.747158 -0.043821 0.495624
v 0.747158 -0.042720 0.497658
v 0.747158 -0.041300 0.499482
v 0.747158 -0.039599 0.501048
v 0.747158 -0.037663 0.502313
v 0.747158 -0.035546 0.503242
v 0.747158 -0.039599 0.478952
v 0.747158 -0.041300 0.480518
v 0.747158 -0.042720 0.482343
v 0.747158 -0.043821 0.484377
v 0.747158 -0.044572 0.486564
v 0.747158 -0.044952 0.488844
v 0.747158 -0.044952 0.491156
v 0.747158 -0.044572 0.493437
v 0.747158 -0.033304 0.476191
v 0.747158 -0.035546 0.476759
v 0.747158 -0.037663 0.477688
v 0.747158 0.294426 0.465000
v 0.747158 0.031000 0.476000
v 0.747158 -0.031000 0.476000
v 0.744158 -0.294426 0.465000
v 0.744158 -0.041300 0.480518
v 0.744158 -0.042720 0.482343
v 0.744158 -0.043821 0.484377
v 0.744158 -0.294426 0.616951
v 0.744158 -0.039599 0.478952
v 0.744158 -0.037663 0.477688
v 0.744158 -0.035546 0.476759
v 0.744158 -0.033304 0.476191
v 0.744158 -0.031000 0.476000
v 0.744158 -0.044572 0.486564
v 0.744158 -0.044952 0.488844
v 0.744112 -0.295020 0.616951
v 0.744158 -0.275000 0.616951
v 0.747158 -0.275000 0.616951
v 0.747158 -0.275000 0.595000
v 0.744158 -0.275000 0.595000
v 0.744158 -0.274631 0.590307
v 0.744158 -0.273532 0.585730
v 0.747158 -0.274631 0.590307
v 0.747158 -0.273532 0.585730
v 0.747158 -0.271730 0.581381
v 0.744158 -0.271730 0.581381
v 0.744158 -0.269270 0.577367
v 0.747158 -0.249693 0.565370
v 0.747158 -0.254270 0.566469
v 0.747158 -0.258620 0.568270
v 0.747158 -0.262634 0.570730
v 0.747158 -0.266213 0.573787
v 0.747158 -0.269270 0.577367
v 0.744158 -0.266213 0.573787
v 0.744158 -0.262634 0.570730
v 0.744158 -0.258620 0.568270
v 0.744158 -0.254270 0.566469
v 0.744158 -0.249693 0.565370
v 0.744158 -0.245000 0.565000
v 0.744158 0.245000 0.565000
v 0.747158 -0.245000 0.565000
v 0.747158 0.245000 0.565000
v 0.747158 0.249693 0.565370
v 0.744158 0.249693 0.565370
v 0.744158 0.254271 0.566469
v 0.744158 0.258620 0.568270
v 0.747158 0.254271 0.566469
v 0.747158 0.258620 0.568270
v 0.744158 0.262634 0.570730
v 0.747158 0.262634 0.570730
v 0.747158 0.266213 0.573787
v 0.744158 0.266213 0.573787
v 0.744158 0.269271 0.577367
v 0.744158 0.271730 0.581381
v 0.747158 0.269271 0.577367
v 0.747158 0.271730 0.581381
v 0.747158 0.294426 0.616951
v 0.747158 0.273532 0.585730
v 0.744158 0.273532 0.585730
v 0.744158 0.294426 0.616951
v 0.744158 0.274631 0.590307
v 0.744158 0.275000 0.595000
v 0.747158 0.274631 0.590307
v 0.747158 0.275000 0.595000
v 0.747158 0.275000 0.616951
v 0.744158 0.275000 0.616951
v 0.744112 0.295020 0.616951
v 0.744112 0.295020 0.465000
v 0.746826 0.296527 0.465000
v 0.747075 0.295490 0.465000
v 0.743972 0.295600 0.465000
v 0.743744 0.296151 0.465000
v 0.743972 0.295600 0.616951
v 0.746417 0.297513 0.465000
v 0.746826 0.296527 0.616951
v 0.746417 0.297513 0.616951
v 0.745860 0.298423 0.465000
v 0.745860 0.298423 0.616951
v 0.745167 0.299234 0.465000
v 0.743433 0.296660 0.465000
v 0.743433 0.296660 0.616951
v 0.743744 0.296151 0.616951
v 0.743045 0.297113 0.465000
v 0.699271 0.340887 0.465000
v 0.743045 0.297113 0.616951
v 0.699271 0.340887 0.642224
v 0.700332 0.341948 0.642224
v 0.745167 0.299234 0.616951
v 0.701393 0.343008 0.465000
v 0.701393 0.343008 0.642224
v 0.700581 0.343701 0.465000
v 0.700172 0.343977 0.642957
v 0.699878 0.342352 0.642591
v 0.698628 0.341403 0.642918
v 0.699381 0.342702 0.642957
v 0.698946 0.341177 0.642591
v 0.698818 0.341274 0.642726
v 0.698818 0.341274 0.465000
v 0.698309 0.341586 0.465000
v 0.698345 0.341567 0.643213
v 0.697759 0.341814 0.465000
v 0.698686 0.344667 0.465000
v 0.699671 0.344259 0.465000
v 0.698686 0.344667 0.643825
v 0.699412 0.344384 0.643396
v 0.698792 0.343028 0.643396
v 0.698478 0.342342 0.643396
v 0.698263 0.343237 0.643797
v 0.699090 0.342871 0.643176
v 0.698024 0.342521 0.643797
v 0.697759 0.341814 0.643825
v 0.697130 0.341961 0.644462
v 0.697554 0.342650 0.644198
v 0.697658 0.341845 0.643928
v 0.698165 0.341656 0.643396
v 0.697714 0.343387 0.644198
v 0.698263 0.344790 0.644067
v 0.697153 0.343479 0.644599
v 0.697648 0.344916 0.644413
v 0.697648 0.344916 0.465000
v 0.697328 0.344959 0.644590
v 0.696581 0.345000 0.645001
v 0.696583 0.343509 0.645001
v 0.696581 0.342000 0.645001
v 0.696584 0.342000 0.465000
v 0.697179 0.341953 0.465000
v 0.696584 0.345000 0.465000
v -0.146043 0.339000 0.000000
v -0.146043 0.345000 0.000000
v 0.062158 0.345000 0.165000
v 0.059812 0.345000 0.164816
v 0.057523 0.345000 0.164266
v 0.055349 0.345000 0.163365
v 0.053296 0.345000 0.162186
v 0.051503 0.345000 0.160665
v 0.053309 0.339000 0.162172
v 0.055349 0.339000 0.163365
v 0.057523 0.339000 0.164266
v 0.693845 0.339000 0.165000
v 0.062158 0.339000 0.165000
v 0.059812 0.339000 0.164816
v 0.693845 0.345000 0.165000
v 0.693845 0.345000 0.465000
v 0.695096 0.338902 0.165000
v 0.696035 0.344828 0.165000
v 0.696035 0.344828 0.465000
v 0.695096 0.338902 0.465000
v 0.693845 0.339000 0.465000
v 0.698171 0.344315 0.465000
v 0.700200 0.343474 0.465000
v 0.696317 0.338609 0.465000
v 0.698171 0.344315 0.165000
v 0.696317 0.338609 0.165000
v 0.697476 0.338128 0.165000
v 0.700200 0.343474 0.165000
v 0.702074 0.342326 0.465000
v 0.698547 0.337472 0.165000
v 0.702074 0.342326 0.165000
v 0.703744 0.340900 0.165000
v 0.699502 0.336657 0.165000
v 0.703744 0.340900 0.465000
v 0.699502 0.336657 0.465000
v 0.743058 0.301586 0.465000
v 0.743058 0.301586 0.165000
v 0.698547 0.337472 0.465000
v 0.697476 0.338128 0.465000
v 0.739631 0.296389 0.165000
v 0.744485 0.299915 0.165000
v 0.744485 0.299915 0.465000
v 0.738815 0.297343 0.165000
v 0.738815 0.297343 0.465000
v 0.739631 0.296389 0.465000
v 0.740286 0.295318 0.465000
v 0.745632 0.298042 0.465000
v 0.746473 0.296013 0.465000
v 0.745632 0.298042 0.165000
v 0.740286 0.295318 0.165000
v 0.740767 0.294158 0.165000
v 0.746473 0.296013 0.165000
v 0.741060 0.292938 0.165000
v 0.746986 0.293876 0.165000
v 0.746986 0.293876 0.465000
v 0.747158 0.291686 0.465000
v 0.741060 0.292938 0.465000
v 0.740767 0.294158 0.465000
v 0.741158 0.291686 0.465000
v 0.747158 0.291686 0.165000
v 0.747158 -0.291686 0.465000
v 0.741158 0.291686 0.165000
v 0.741158 -0.291686 0.465000
v 0.741060 -0.292938 0.165000
v 0.741060 -0.292938 0.465000
v 0.740767 -0.294158 0.465000
v 0.746473 -0.296012 0.465000
v 0.746986 -0.293876 0.465000
v 0.746986 -0.293876 0.165000
v 0.740767 -0.294158 0.165000
v 0.746473 -0.296012 0.165000
v 0.747158 -0.291686 0.165000
v 0.741158 -0.291686 0.165000
v 0.740286 -0.295318 0.165000
v 0.745632 -0.298042 0.165000
v 0.745632 -0.298042 0.465000
v 0.744485 -0.299915 0.465000
v 0.740286 -0.295318 0.465000
v 0.739631 -0.296389 0.465000
v 0.738815 -0.297343 0.465000
v 0.743058 -0.301586 0.465000
v 0.739631 -0.296389 0.165000
v 0.744485 -0.299915 0.165000
v 0.738815 -0.297343 0.165000
v 0.743058 -0.301586 0.165000
v 0.699502 -0.336657 0.165000
v 0.703744 -0.340899 0.165000
v 0.702074 -0.342326 0.465000
v 0.703744 -0.340899 0.465000
v 0.702074 -0.342326 0.165000
v 0.698547 -0.337472 0.165000
v 0.698547 -0.337472 0.465000
v 0.697476 -0.338128 0.165000
v 0.697476 -0.338128 0.465000
v 0.696317 -0.338608 0.465000
v 0.698171 -0.344315 0.465000
v 0.700200 -0.343474 0.465000
v 0.700200 -0.343474 0.165000
v 0.698171 -0.344315 0.165000
v 0.696317 -0.338608 0.165000
v 0.695096 -0.338901 0.465000
v 0.695096 -0.338901 0.165000
v 0.696035 -0.344828 0.165000
v 0.693845 -0.339000 0.465000
v 0.693845 -0.345000 0.465000
v 0.696035 -0.344828 0.465000
v 0.699502 -0.336657 0.465000
v 0.051552 0.339000 0.160607
v 0.050023 0.345000 0.158817
v 0.050023 0.339000 0.158817
v 0.048793 0.339000 0.156810
v 0.048793 0.345000 0.156810
v 0.047893 0.345000 0.154636
v 0.047893 0.339000 0.154636
v 0.047343 0.345000 0.152347
v 0.047343 0.339000 0.152347
v 0.047158 0.345000 0.150000
v 0.047158 0.345000 0.123000
v 0.047158 0.339000 0.123000
v 0.047158 0.339000 0.150000
v 0.047343 0.339000 0.120654
v 0.047343 0.345000 0.120654
v 0.047893 0.345000 0.118365
v 0.048793 0.345000 0.116190
v 0.047893 0.339000 0.118365
v 0.048793 0.339000 0.116190
v 0.050023 0.339000 0.114184
v 0.050023 0.345000 0.114184
v 0.051552 0.345000 0.112394
v 0.053342 0.345000 0.110865
v 0.051552 0.339000 0.112394
v 0.053342 0.339000 0.110865
v 0.055349 0.345000 0.109635
v 0.055349 0.339000 0.109635
v 0.057523 0.339000 0.108734
v 0.057523 0.345000 0.108734
v 0.059812 0.345000 0.108185
v 0.059812 0.339000 0.108185
v 0.062158 0.345000 0.108000
v 0.062158 0.339000 0.108000
v 0.592158 0.345000 0.108000
v 0.592158 0.345000 0.015000
v 0.693845 0.345000 0.000000
v 0.693845 0.345000 0.015000
v 0.592158 0.339000 0.015000
v 0.592158 0.339000 0.108000
v 0.693845 0.339000 0.000000
v 0.693845 0.339000 0.015000
v 0.695096 0.338902 0.015000
v 0.696035 0.344828 0.015000
v 0.696035 0.344828 0.000000
v 0.698171 0.344315 0.015000
v 0.700200 0.343474 0.015000
v 0.696317 0.338609 0.015000
v 0.698171 0.344315 0.000000
v 0.696317 0.338609 0.000000
v 0.697476 0.338128 0.000000
v 0.700200 0.343474 0.000000
v 0.702074 0.342326 0.015000
v 0.698547 0.337472 0.000000
v 0.702074 0.342326 0.000000
v 0.699502 0.336657 0.000000
v 0.703744 0.340900 0.000000
v 0.703744 0.340900 0.015000
v 0.743058 0.301586 0.015000
v 0.699502 0.336657 0.015000
v 0.743058 0.301586 0.000000
v 0.698547 0.337472 0.015000
v 0.697476 0.338128 0.015000
v 0.738815 0.297343 0.000000
v 0.739631 0.296389 0.000000
v 0.744485 0.299915 0.000000
v 0.744485 0.299915 0.015000
v 0.738815 0.297343 0.015000
v 0.745632 0.298042 0.015000
v 0.739631 0.296389 0.015000
v 0.740286 0.295318 0.015000
v 0.740767 0.294158 0.015000
v 0.746473 0.296013 0.015000
v 0.740286 0.295318 0.000000
v 0.745632 0.298042 0.000000
v 0.740767 0.294158 0.000000
v 0.746473 0.296013 0.000000
v 0.741060 0.292938 0.000000
v 0.741060 0.292938 0.015000
v 0.741158 0.291686 0.015000
v 0.747158 0.291686 0.015000
v 0.746986 0.293876 0.015000
v 0.746986 0.293876 0.000000
v 0.747158 0.291686 0.000000
v 0.741158 0.291686 0.000000
v 0.741158 -0.291686 0.000000
v 0.747158 -0.291686 0.000000
v 0.747158 -0.291686 0.015000
v 0.741060 -0.292938 0.000000
v 0.746986 -0.293876 0.000000
v 0.746986 -0.293876 0.015000
v 0.746473 -0.296012 0.015000
v 0.741060 -0.292938 0.015000
v 0.741158 -0.291686 0.015000
v 0.740767 -0.294158 0.015000
v 0.740286 -0.295318 0.015000
v 0.745632 -0.298042 0.015000
v 0.740767 -0.294158 0.000000
v 0.746473 -0.296012 0.000000
v 0.740286 -0.295318 0.000000
v 0.739631 -0.296389 0.015000
v 0.745632 -0.298042 0.000000
v 0.739631 -0.296389 0.000000
v 0.744485 -0.299915 0.000000
v 0.738815 -0.297343 0.000000
v 0.738815 -0.297343 0.015000
v 0.743058 -0.301586 0.015000
v 0.699502 -0.336657 0.000000
v 0.699502 -0.336657 0.015000
v 0.703744 -0.340899 0.015000
v 0.702074 -0.342326 0.015000
v 0.703744 -0.340899 0.000000
v 0.702074 -0.342326 0.000000
v 0.698547 -0.337472 0.000000
v 0.743058 -0.301586 0.000000
v 0.697476 -0.338128 0.015000
v 0.698547 -0.337472 0.015000
v 0.697476 -0.338128 0.000000
v 0.696317 -0.338608 0.015000
v 0.700200 -0.343474 0.000000
v 0.696317 -0.338608 0.000000
v 0.695096 -0.338901 0.000000
v 0.698171 -0.344315 0.000000
v 0.695096 -0.338901 0.015000
v 0.693845 -0.339000 0.015000
v 0.693845 -0.345000 0.015000
v 0.696035 -0.344828 0.015000
v 0.698171 -0.344315 0.015000
v 0.696035 -0.344828 0.000000
v 0.693845 -0.345000 0.000000
v 0.592158 -0.345000 0.015000
v 0.592158 -0.339000 0.108000
v 0.592158 -0.345000 0.108000
v 0.062158 -0.345000 0.108000
v 0.059812 -0.345000 0.108185
v 0.057523 -0.345000 0.108734
v 0.055349 -0.345000 0.109635
v 0.053342 -0.345000 0.110865
v 0.051552 -0.345000 0.112394
v 0.050023 -0.345000 0.114184
v 0.048793 -0.345000 0.116190
v 0.700200 -0.343474 0.015000
v 0.744485 -0.299915 0.015000
v 0.695096 0.338902 0.000000
v -0.146043 0.345000 1.587303
v -0.147282 0.345096 1.589959
v -0.147294 0.345098 0.000000
v -0.148233 0.339172 0.000000
v -0.148515 0.345392 0.000000
v -0.152398 0.340526 0.000000
v -0.150369 0.339685 0.000000
v -0.154272 0.341674 0.000000
v -0.150745 0.346528 0.000000
v -0.151700 0.347343 0.000000
v -0.155942 0.343101 0.000000
v -0.179499 0.366657 0.000000
v -0.151700 0.347343 1.599434
v -0.150745 0.346528 1.597387
v -0.149675 0.345872 0.000000
v -0.149640 0.345854 1.595016
v -0.180453 0.367472 0.000000
v -0.178800 0.373474 0.000000
v -0.181524 0.368128 0.000000
v -0.182684 0.368608 0.000000
v 0.016163 0.342000 1.637000
v 0.019607 0.342000 1.634806
v 0.016163 0.345000 1.637000
v 0.018786 0.342000 1.635662
v 0.016777 0.342000 1.636950
v -0.149186 0.342000 1.637000
v -0.150091 0.342061 1.637000
v -0.151236 0.342317 1.637000
v -0.152320 0.342766 1.637000
v -0.150331 0.345177 1.637000
v -0.149691 0.345034 1.637000
v -0.150899 0.345408 1.597919
v -0.153311 0.343394 1.637000
v -0.151491 0.345779 1.637000
v -0.150937 0.345428 1.637000
v -0.153994 0.343992 1.637000
v -0.151873 0.346113 1.637000
v -0.171266 0.361263 1.637000
v -0.170145 0.365789 1.637000
v -0.151873 0.346113 1.600355
v -0.151491 0.345779 1.599293
v -0.150332 0.345177 1.596546
v -0.149658 0.345030 1.595171
v -0.149186 0.345000 1.637000
v -0.149186 0.345000 1.594110
v 0.019607 0.345000 1.634806
v 0.016777 0.345000 1.636950
v 0.019202 0.345000 1.635249
v 0.018868 0.345000 1.635763
v 0.017858 0.345000 1.636435
v 0.019303 0.342000 1.635341
v 0.018428 0.345000 1.636190
v 0.017845 0.342000 1.636399
v 0.017374 0.345000 1.636802
v 0.018315 0.342000 1.636050
v 0.017315 0.342000 1.636694
v 0.132228 0.342000 1.393290
v 0.132228 0.345000 1.393290
v 0.132425 0.342000 1.392774
v 0.132544 0.342000 1.392235
v 0.132584 0.342000 1.391684
v 0.132584 0.345000 1.391684
v 0.132584 0.345000 0.989678
v 0.132584 0.342000 0.989678
v 0.132953 0.342000 0.984760
v 0.132953 0.345000 0.984760
v 0.134050 0.345000 0.979952
v 0.135852 0.345000 0.975360
v 0.134050 0.342000 0.979952
v 0.135852 0.342000 0.975360
v 0.138318 0.342000 0.971089
v 0.138318 0.345000 0.971089
v 0.141394 0.345000 0.967233
v 0.145009 0.345000 0.963878
v 0.141394 0.342000 0.967233
v 0.145009 0.342000 0.963878
v 0.149084 0.345000 0.961100
v 0.149084 0.342000 0.961100
v 0.153381 0.345000 0.958619
v 0.153381 0.342000 0.958619
v 0.696583 0.342755 0.645001
v 0.697072 0.342728 0.644599
v 0.747075 0.295490 0.616951
v 0.747158 0.033304 0.503809
v 0.747158 0.035546 0.503242
v 0.747158 0.037663 0.502313
v 0.747158 0.039599 0.501048
v 0.747158 -0.031000 0.504000
v 0.747158 0.031000 0.504000
v 0.747158 0.044952 0.488844
v 0.747158 0.041300 0.499482
v 0.747158 0.042720 0.497658
v 0.747158 0.044572 0.493437
v 0.747158 0.043821 0.495624
v 0.747158 0.044952 0.491156
v 0.744158 0.044952 0.491156
v 0.744158 0.044572 0.493437
v 0.744158 0.043821 0.495624
v 0.744158 0.042720 0.497658
v 0.744158 0.041300 0.499482
v 0.744158 0.039599 0.501048
v 0.744158 0.037663 0.502313
v 0.744158 0.035546 0.503242
v 0.744158 0.033304 0.503809
v 0.744158 0.031000 0.504000
v 0.744158 -0.031000 0.504000
v 0.744158 -0.033304 0.503809
v 0.744158 -0.035546 0.503242
v 0.747158 -0.033304 0.503809
v 0.744158 -0.037663 0.502313
v 0.744158 -0.039599 0.501048
v 0.744158 -0.041300 0.499482
v 0.744158 -0.042720 0.497658
v 0.744158 -0.043821 0.495624
v 0.744158 -0.044572 0.493437
v 0.744158 -0.044952 0.491156
v 0.744158 0.044952 0.488844
v 0.744158 0.044572 0.486564
v 0.747158 0.044572 0.486564
v 0.747158 0.043821 0.484377
v 0.744158 0.043821 0.484377
v 0.747158 0.042720 0.482343
v 0.744158 0.042720 0.482343
v 0.747158 0.041300 0.480518
v 0.744158 0.041300 0.480518
v 0.747158 0.039599 0.478952
v 0.744158 0.039599 0.478952
v 0.747158 0.037663 0.477688
v 0.744158 0.037663 0.477688
v 0.747158 0.035546 0.476759
v 0.747158 0.033304 0.476191
v 0.744158 0.035546 0.476759
v 0.744158 0.033304 0.476191
v 0.744158 0.031000 0.476000
v 0.145009 -0.342000 0.963878
v 0.149084 -0.345000 0.961100
v 0.145009 -0.345000 0.963878
v 0.141394 -0.345000 0.967233
v 0.138318 -0.345000 0.971089
v 0.141394 -0.342000 0.967233
v 0.138318 -0.342000 0.971089
v 0.135852 -0.345000 0.975360
v 0.135852 -0.342000 0.975360
v 0.134050 -0.342000 0.979952
v 0.134050 -0.345000 0.979952
v 0.132953 -0.345000 0.984760
v 0.132953 -0.342000 0.984760
v 0.132584 -0.342000 0.989678
v -0.150369 -0.339685 0.000000
v -0.152398 -0.340526 0.000000
v -0.185155 0.375000 0.000000
v -0.752842 0.375000 0.000000
v -0.754965 -0.375000 1.206352
v -0.752367 -0.375000 1.204852
v 0.696588 -0.345000 0.645000
v 0.697797 -0.344891 0.644330
v 0.698701 -0.344662 0.643816
v 0.699388 -0.344394 0.643410
v 0.699665 -0.344248 0.643259
v 0.697758 -0.341814 0.643825
v 0.697645 -0.341849 0.643942
v 0.697123 -0.341962 0.644468
v 0.696584 -0.342000 0.645000
v 0.698151 -0.341662 0.643410
v 0.698309 -0.341586 0.643259
v 0.698610 -0.341415 0.642958
v 0.700581 -0.343701 0.642741
v 0.698954 -0.341170 0.642593
v 0.698818 -0.341274 0.642741
v 0.699271 -0.340887 0.642224
v 0.696584 -0.345000 0.465000
v 0.697648 -0.344916 0.465000
v 0.698685 -0.344667 0.465000
v 0.699671 -0.344259 0.465000
v 0.700581 -0.343701 0.465000
v -0.185156 -0.375000 1.640000
v 0.747074 -0.295490 0.616951
v -0.185156 0.369000 0.000000
v -0.148515 0.345392 1.592604
v -0.752842 0.369000 0.873970
v -0.752842 -0.369000 0.873970
v -0.752804 -0.375000 1.203441
v 0.700478 0.343755 0.642779
v 0.699669 0.344253 0.643249
v 0.132386 0.345000 1.392762
v 0.132505 0.345000 1.392228
v 0.697652 -0.344898 0.644410
v -0.752541 0.375000 1.204390
v 0.700463 -0.343775 0.642809
v 0.132504 -0.345000 1.392230
v -0.752543 -0.375000 1.204388
vn -0.0000 -1.0000 -0.0000
vn -0.0000 1.0000 -0.0000
vn 0.0785 0.9969 -0.0000
vn 0.2334 0.9724 -0.0000
vn 0.5225 0.8526 -0.0000
vn 0.3827 0.9239 -0.0000
vn 0.6495 0.7604 -0.0000
vn 0.6583 0.7527 -0.0000
vn 0.3827 -0.9239 -0.0000
vn 0.6495 -0.7604 -0.0000
vn 0.5225 -0.8526 -0.0000
vn 0.2335 -0.9724 -0.0000
vn 0.0785 -0.9969 -0.0000
vn -0.0000 -0.0000 -1.0000
vn -0.2226 -0.0000 0.9749
vn -0.3654 -0.0000 0.9309
vn -0.5000 -0.0000 0.8660
vn -0.7330 -0.0000 0.6802
vn -0.6235 -0.0000 0.7818
vn -1.0000 -0.0000 -0.0000
vn 0.0667 -0.9978 -0.0000
vn 0.6494 -0.7604 -0.0000
vn 0.3804 -0.9248 -0.0000
vn 0.2334 -0.9724 -0.0000
vn 0.4981 0.0111 -0.8671
vn -0.0000 -0.0000 1.0000
vn 0.7604 -0.0000 -0.6494
vn 0.8527 -0.0000 -0.5225
vn 0.9239 -0.0000 0.3827
vn 0.3827 -0.0000 0.9239
vn 0.9724 -0.0000 0.2335
vn 0.0784 -0.0000 0.9969
vn 0.2407 -0.0000 0.9706
vn 0.6581 -0.7530 -0.0000
vn 0.2182 -0.9759 -0.0000
vn 0.3977 -0.0003 0.9175
vn 0.6039 -0.0000 0.7971
vn 0.0812 -0.0000 0.9967
vn 0.8690 0.0143 0.4946
vn 0.6955 0.0004 0.7185
vn 0.3826 -0.9239 -0.0001
vn 0.7327 -0.6805 -0.0000
vn 0.5358 -0.8444 -0.0000
vn 0.2673 0.2673 0.9258
vn 0.7071 -0.7071 -0.0000
vn 1.0000 -0.0000 -0.0000
vn -0.0001 -0.0000 1.0000
vn 0.7604 -0.6494 -0.0000
vn -0.0000 0.7604 0.6494
vn -0.0000 0.3827 0.9239
vn -0.0000 0.8526 0.5225
vn -0.0000 0.0785 0.9969
vn -0.0000 0.9969 0.0785
vn -0.0000 0.9724 0.2334
vn -0.0000 0.9239 0.3827
vn -0.0000 0.2334 0.9724
vn -0.0000 -0.6495 0.7604
vn -0.0000 0.5225 0.8526
vn -0.0000 0.6495 0.7604
vn -0.0000 -0.8526 0.5225
vn -0.0000 -0.9239 0.3827
vn -0.0000 -0.2334 0.9724
vn -0.0000 -0.7604 0.6495
vn -0.0000 -0.3827 0.9239
vn -0.0000 -0.9969 0.0785
vn -0.0000 -0.0785 0.9969
vn -0.0000 -0.5225 0.8526
vn -0.0000 -0.9724 0.2334
vn 0.2673 -0.2673 0.9258
vn 0.9724 0.2334 -0.0000
vn 0.3021 -0.3022 0.9041
vn 0.3340 -0.2645 0.9047
vn 0.4255 -0.2969 0.8549
vn 0.4353 -0.2778 0.8564
vn 0.5045 -0.4005 0.7649
vn 0.4390 -0.2726 0.8562
vn 0.3654 -0.3654 0.8561
vn 0.5044 -0.4002 0.7651
vn 0.5040 -0.3999 0.7656
vn -0.0001 -0.0000 -1.0000
vn 0.4392 -0.2008 0.8757
vn 0.4128 -0.1887 0.8911
vn 0.4971 -0.2273 0.8374
vn 0.5780 -0.2643 0.7721
vn 0.5487 -0.1783 0.8168
vn 0.5473 -0.1824 0.8168
vn 0.4864 -0.2479 0.8378
vn 0.6657 -0.2218 0.7125
vn 0.6663 -0.2219 0.7119
vn 0.6676 -0.2233 0.7103
vn 0.6309 -0.0935 0.7702
vn 0.6209 -0.1352 0.7721
vn 0.5780 -0.2642 0.7721
vn 0.5471 -0.1823 0.8170
vn 0.5584 -0.1423 0.8173
vn 0.4713 -0.1027 0.8760
vn 0.5636 -0.1226 0.8169
vn 0.5693 -0.0902 0.8172
vn 0.4790 -0.0516 0.8763
vn 0.5761 0.0004 0.8174
vn 0.0001 -0.0000 -1.0000
vn 0.5633 -0.0000 0.8262
vn 0.6651 0.0127 -0.7467
vn 0.5049 -0.0000 -0.8632
vn 0.9239 -0.0000 -0.3827
vn 0.2335 -0.0000 -0.9724
vn 0.7071 0.7071 -0.0000
vn -0.0000 0.0002 1.0000
vn 0.9239 0.3827 -0.0000
vn 0.9724 -0.2334 -0.0000
vn 0.0785 -0.0000 -0.9969
vn 0.3827 -0.0000 -0.9239
vn 0.9969 -0.0000 -0.0785
vn 0.7604 -0.0000 0.6495
vn 0.5225 -0.0000 0.8526
vn 0.2335 -0.0000 0.9724
vn 0.9724 -0.0000 -0.2335
vn 0.9969 -0.0000 0.0785
vn 0.6494 -0.0000 0.7604
vn 0.8527 -0.0000 0.5225
vn 0.6494 0.7604 -0.0000
vn 0.2335 0.9724 -0.0000
vn 0.8526 0.5225 -0.0000
vn 0.9969 0.0785 -0.0000
vn 0.9969 -0.0785 -0.0000
vn 0.9239 -0.3827 -0.0000
vn 0.5225 -0.8527 -0.0000
vn 0.0784 -0.0000 -0.9969
vn 0.6494 0.0114 -0.7604
vn 0.8526 -0.5225 -0.0000
vn 0.7604 0.6494 -0.0000
vn 0.9063 -0.0000 0.4226
vn 0.6340 -0.0432 0.7721
vn 0.9580 -0.0000 0.2868
vn 0.0667 0.9978 -0.0000
vn 0.7327 0.6805 -0.0000
vn 0.5358 0.8443 -0.0000
vn 0.2181 0.9759 -0.0000
vn 0.3773 0.9261 -0.0000
vn 0.7372 -0.0000 0.6757
vn 0.3953 -0.0577 0.9167
vn 0.8382 -0.0411 0.5438
vn 0.4303 -0.0000 0.9027
vn 0.4869 -0.0129 0.8733
vn 0.9974 -0.0000 0.0726
vn 0.9762 0.0134 0.2165
vn 0.9309 -0.0000 0.3653
vn 0.9749 -0.0000 0.2225
vn 0.6802 -0.0000 0.7330
vn 0.8660 -0.0000 0.5000
vn 0.9972 -0.0000 0.0747
vn 0.5000 -0.0000 0.8660
vn 0.7818 -0.0000 0.6235
vn 0.5000 0.0003 0.8660
vn 0.7011 -0.0013 0.7131
vn 0.6291 -0.0909 0.7720
vn 0.5760 0.0001 0.8175
vn 0.6310 -0.0680 0.7728
vn 0.6284 -0.0910 0.7726
vn 0.6319 -0.0681 0.7721
vn 0.4575 -0.1525 0.8761
vn 0.6126 -0.2798 0.7392
vn 0.5294 -0.2801 0.8008
vn 0.3996 -0.2143 0.8913
vn 0.4642 -0.2884 0.8374
vn 0.4845 -0.2533 0.8373
vn 0.5693 -0.3519 0.7430
vn -0.0000 -0.6773 0.7357
vn -0.0000 0.6773 0.7357
vn -0.0000 -0.4017 0.9158
vn -0.0000 -0.2455 -0.9694
vn -0.0000 -0.8795 -0.4760
vn -0.0000 -0.7892 -0.6142
vn -0.0000 -0.5469 -0.8372
vn -0.0000 -0.4017 -0.9158
vn -0.0000 -0.6773 -0.7357
vn -0.0000 0.4017 -0.9158
vn -0.0000 0.6773 -0.7357
vn -0.0000 0.2455 -0.9694
vn -0.0000 -0.0826 -0.9966
vn -0.0000 0.7892 -0.6142
vn -0.0000 0.5469 -0.8372
vn -0.0000 0.0826 0.9966
vn -0.0000 0.4017 0.9158
vn -0.0000 0.5469 0.8372
vn -0.0000 0.8795 0.4759
vn -0.0000 -0.5469 0.8372
vn -0.0000 -0.7891 0.6142
vn -0.0000 -0.9864 -0.1646
vn -0.0000 -0.9458 -0.3247
vn -0.0000 -0.9864 0.1646
vn -0.0000 -0.9458 0.3247
vn -0.0000 -0.0826 0.9966
vn -0.0000 -0.8795 0.4759
vn -0.0000 -0.2455 0.9694
vn -0.0000 0.9458 -0.3247
vn -0.0000 0.8795 -0.4759
vn -0.0000 0.9864 0.1646
vn -0.0000 0.9864 -0.1646
vn -0.0000 0.7891 0.6142
vn -0.0000 0.9458 0.3247
vn -0.0000 0.2455 0.9694
vn -0.0000 0.0826 -0.9966
vn 0.9895 -0.0000 0.1449
vn 0.9762 -0.0133 0.2166
vn 0.0777 -0.9970 -0.0000
vn -0.9979 -0.0000 0.0653
vn -0.9808 -0.0000 0.1952
vn -0.9469 -0.0000 0.3215
vn -0.8968 -0.0000 0.4425
vn -0.0748 -0.0000 0.9972
vn -0.8262 -0.0000 0.5633
vn -0.8660 -0.0000 0.5000
vn 0.9580 -0.0134 0.2865
vn 0.5818 0.2960 0.7575
vn 0.0001 -0.0000 1.0000
vn -0.0000 -0.0003 1.0000
vn 0.8527 -0.5225 -0.0000
vn 0.9723 -0.2335 -0.0000
vn 0.9969 -0.0784 -0.0000
vn 0.7071 0.7071 -0.0001
vn -0.0000 -1.0000 -0.0001
vn 0.2019 0.9794 -0.0000
vn -0.0002 -0.0000 1.0000
vn 0.3799 0.9250 -0.0000
vn 0.0772 0.9970 -0.0000
vn -1.0000 0.0058 -0.0000
vn 0.6583 0.7528 -0.0000
vn -0.2225 -0.0000 0.9749
vn -0.3653 -0.0000 0.9309
vn -0.7331 -0.0000 0.6802
vn 0.0631 -0.9980 -0.0000
vn 0.5204 -0.8539 -0.0000
vn 0.2327 -0.9726 -0.0000
vn 0.5225 -0.0000 -0.8526
vn 0.7806 0.0125 -0.6249
vn 0.6584 -0.7527 -0.0000
vn 0.2137 -0.9769 0.0001
vn 0.3960 -0.0000 0.9183
vn 0.6035 -0.0000 0.7973
vn 0.0807 -0.0000 0.9967
vn 0.8323 -0.0000 0.5544
vn 0.7299 -0.0094 0.6835
vn 0.6627 -0.0092 0.7488
vn 0.7452 0.0142 0.6667
vn 0.3779 -0.9259 -0.0000
vn 0.5309 -0.8474 0.0001
vn -0.0000 0.7604 0.6495
vn 1.0000 -0.0001 -0.0000
vn -0.0000 -0.6494 0.7604
vn -0.0000 0.6494 0.7604
vn -0.0000 -0.7604 0.6494
vn 0.2673 -0.2672 0.9258
vn 0.2672 -0.2673 0.9258
vn 0.8527 0.5225 -0.0000
vn 0.9239 0.3826 -0.0000
vn 0.9969 0.0784 -0.0000
vn 0.9723 0.2335 -0.0000
vn 0.6468 0.0032 -0.7627
vn 0.4981 0.0031 -0.8671
vn 0.0003 -0.0000 1.0000
vn -0.0002 -0.0007 1.0000
vn -0.0001 0.0001 1.0000
vn -0.0003 -0.0000 1.0000
vn 0.0002 -0.0000 1.0000
vn 0.7604 -0.6495 -0.0000
vn 0.7604 0.6495 -0.0000
vn 0.6468 0.0127 -0.7626
vn 0.5207 0.8537 -0.0000
vn -0.0000 1.0000 -0.0002
vn -0.0000 1.0000 0.0002
vn 0.6946 -0.0596 0.7170
vn 0.9347 0.0133 0.3553
vn 0.0634 0.9980 -0.0000
vn 0.5311 0.8473 0.0001
vn 0.2132 0.9770 0.0001
vn 0.3827 0.9239 -0.0001
vn 0.8683 0.0445 0.4941
vn 0.5957 -0.0126 0.8031
vn 0.5276 0.0438 0.8484
vn 0.2405 -0.0398 0.9698
vn 0.6034 -0.0407 0.7964
vn -0.0000 1.0000 -0.0001
vn 0.9894 0.0134 0.1449
vn 0.9762 0.0133 0.2164
vn 0.9309 -0.0000 0.3654
vn 0.6802 -0.0000 0.7331
vn 0.5000 -0.0007 0.8660
vn 0.5000 0.0001 0.8660
vn -0.0000 -0.7891 -0.6142
vn -0.0000 0.7891 -0.6142
vn -0.0000 -0.8795 0.4760
vn -0.0000 0.8795 -0.4760
vn 0.9973 -0.0134 0.0726
vn 0.9761 -0.0133 0.2167
vn -0.9808 -0.0000 0.1951
vn -0.0747 -0.0000 0.9972
vn -0.8263 -0.0000 0.5632
vn 0.9346 -0.0000 0.3557
vn 0.4640 0.4640 0.7546
vn 0.3410 0.2719 0.8999
vn 0.3440 0.2735 0.8983
vn 0.3692 0.2329 0.8997
vn 0.5373 0.3737 0.7561
vn 0.3973 0.1799 0.8999
vn 0.4593 0.1493 0.8756
vn 0.6683 0.2191 0.7109
vn 0.4637 0.1348 0.8757
vn 0.4745 0.1346 0.8699
vn 0.4850 0.0007 0.8745
vn 0.6941 0.1110 0.7113
vn 0.6933 0.1108 0.7121
vn 0.5364 0.3734 0.7569
vn 0.6398 0.2897 0.7119
vn 0.5849 0.2979 0.7544
vn 0.5000 0.0007 0.8660
vn 0.6494 -0.7605 -0.0000
vn 0.6460 -0.7632 -0.0090
vn 0.5227 -0.8525 0.0009
vn 0.3823 -0.9240 0.0028
vn 0.2335 -0.9723 0.0055
vn 0.4649 -0.8853 -0.0043
vn 0.0787 -0.9969 0.0091
vn 0.3622 -0.9321 -0.0025
vn 0.0958 -0.9954 -0.0000
vn 0.2450 -0.9695 -0.0011
vn 0.0001 0.0003 1.0000
vn 0.9239 -0.3826 -0.0000
vn 0.9724 -0.2332 -0.0000
vn 0.9969 -0.0787 -0.0000
vn 0.7051 0.7091 -0.0000
vn 0.8093 0.5675 0.1516
vn -0.0000 -1.0000 0.0002
vn -0.0000 -1.0000 0.0001
vn 0.0002 0.0002 -1.0000
vn 0.5225 0.8526 0.0009
vn 0.5853 0.8108 -0.0040
vn 0.3827 0.9239 0.0028
vn 0.2334 0.9724 0.0055
vn 0.4532 0.8914 -0.0018
vn 0.0784 0.9969 -0.0001
vn 0.0546 0.9985 -0.0000
vn 0.3626 0.9319 -0.0008
vn 0.1328 0.9911 -0.0000
vn 0.2779 0.9606 -0.0003
vn 0.0784 0.9969 -0.0000
vn -1.0000 -0.0057 -0.0000
vn 0.4810 0.8767 -0.0022
vn 0.6305 0.7762 -0.0050
vn 0.0451 -0.9990 0.0003
vn 0.5074 -0.8617 -0.0051
vn 0.5298 -0.8481 -0.0057
s 0
usemtl blue
f 95//1 92//1 93//1
f 100//2 818//2 4//2
f 14//3 52//3 21//3
f 14//4 17//4 18//4
f 16//5 26//5 648//5
f 20//6 16//6 15//6
f 27//7 24//7 25//7
f 21//4 15//4 14//4
f 664//8 670//8 667//8
f 35//9 40//9 36//9
f 33//10 37//10 38//10
f 34//11 36//11 37//11
f 40//12 43//12 39//12
f 43//13 47//13 39//13
f 49//12 40//12 39//12
f 117//14 116//14 115//14
f 54//15 58//15 55//15
f 56//16 64//16 58//16
f 72//17 57//17 67//17
f 57//2 13//2 66//2
f 69//18 78//18 70//18
f 70//19 67//19 69//19
f 63//1 62//1 58//1
f 80//1 821//1 79//1
f 86//2 87//2 88//2
f 648//6 15//6 16//6
f 96//14 93//14 94//14
f 89//2 96//2 94//2
f 94//20 92//20 89//20
f 99//1 784//1 106//1
f 108//14 107//14 109//14
f 49//14 103//14 102//14
f 49//14 101//14 41//14
f 41//14 107//14 42//14
f 184//21 186//21 183//21
f 114//22 113//22 115//22
f 118//11 115//11 116//11
f 113//14 117//14 115//14
f 780//14 123//14 116//14
f 111//14 108//14 109//14
f 116//23 120//23 118//23
f 121//24 123//24 122//24
f 127//14 125//14 126//14
f 110//14 119//14 113//14
f 151//25 147//25 149//25
f 620//26 618//26 131//26
f 132//27 148//27 163//27
f 130//28 163//28 162//28
f 133//29 627//29 140//29
f 137//30 622//30 142//30
f 134//31 158//31 133//31
f 143//32 620//32 131//32
f 193//33 188//33 192//33
f 206//34 211//34 203//34
f 185//35 183//35 181//35
f 198//36 194//36 195//36
f 192//37 191//37 193//37
f 190//38 187//38 188//38
f 173//39 200//39 199//39
f 197//40 198//40 195//40
f 201//41 181//41 202//41
f 182//26 183//26 180//26
f 211//42 207//42 210//42
f 203//43 202//43 206//43
f 220//44 216//44 214//44
f 469//45 465//45 461//45
f 255//46 234//46 254//46
f 313//26 318//26 310//26
f 217//47 222//47 218//47
f 220//48 221//48 222//48
f 270//26 236//26 271//26
f 280//49 285//49 287//49
f 290//50 283//50 282//50
f 280//51 278//51 286//51
f 285//46 286//46 234//46
f 273//2 271//2 272//2
f 292//52 281//52 294//52
f 274//53 272//53 276//53
f 275//54 276//54 277//54
f 275//55 278//55 279//55
f 291//56 282//56 281//56
f 305//57 303//57 304//57
f 289//58 284//58 283//58
f 288//59 285//59 284//59
f 307//60 308//60 309//60
f 307//61 311//61 312//61
f 298//62 296//62 300//62
f 306//63 304//63 308//63
f 299//64 300//64 301//64
f 315//65 316//65 317//65
f 297//66 295//66 296//66
f 302//67 301//67 303//67
f 317//1 319//1 315//1
f 314//68 311//68 316//68
f 326//26 320//26 713//26
f 323//14 235//14 321//14
f 439//26 435//26 437//26
f 322//14 321//14 324//14
f 322//14 325//14 327//14
f 333//14 327//14 325//14
f 341//69 343//69 340//69
f 323//70 328//70 713//70
f 813//71 340//71 343//71
f 345//72 346//72 813//72
f 346//73 340//73 813//73
f 348//74 347//74 346//74
f 350//75 346//75 347//75
f 348//76 346//76 345//76
f 346//77 339//77 340//77
f 349//78 339//78 346//78
f 350//79 349//79 346//79
f 344//80 352//80 356//80
f 373//14 354//14 379//14
f 397//14 405//14 406//14
f 357//81 359//81 358//81
f 359//82 814//82 358//82
f 360//83 362//83 359//83
f 363//84 360//84 359//84
f 361//85 359//85 357//85
f 361//86 363//86 359//86
f 359//87 362//87 814//87
f 363//88 367//88 364//88
f 364//89 368//89 363//89
f 363//90 365//90 367//90
f 366//91 365//91 363//91
f 369//92 366//92 363//92
f 363//93 368//93 360//93
f 369//94 363//94 361//94
f 370//95 369//95 361//95
f 372//96 369//96 370//96
f 371//97 366//97 369//97
f 372//98 371//98 369//98
f 374//99 371//99 372//99
f 374//99 375//99 371//99
f 371//100 375//100 376//100
f 344//14 337//14 351//14
f 356//101 354//101 355//101
f 767//102 212//102 765//102
f 489//27 488//27 490//27
f 388//103 389//103 488//103
f 389//104 386//104 390//104
f 493//105 491//105 494//105
f 384//106 391//106 385//106
f 393//14 395//14 392//14
f 383//14 395//14 393//14
f 408//14 410//14 407//14
f 402//26 400//26 404//26
f 403//26 418//26 409//26
f 409//26 415//26 414//26
f 395//14 397//14 392//14
f 411//14 413//14 410//14
f 405//14 407//14 406//14
f 413//14 417//14 423//14
f 414//107 417//107 412//107
f 405//4 398//4 399//4
f 396//26 400//26 399//26
f 332//80 336//80 422//80
f 342//107 341//107 332//107
f 420//14 429//14 430//14
f 429//14 431//14 430//14
f 435//26 438//26 437//26
f 436//14 235//14 254//14
f 422//26 424//26 425//26
f 434//14 431//14 432//14
f 434//14 442//14 433//14
f 427//26 425//26 426//26
f 438//26 427//26 426//26
f 806//108 44//108 34//108
f 423//14 421//14 420//14
f 436//46 452//46 440//46
f 452//14 442//14 440//14
f 213//45 220//45 214//45
f 450//14 444//14 449//14
f 458//26 459//26 457//26
f 466//14 465//14 467//14
f 475//26 481//26 486//26
f 473//14 471//14 470//14
f 555//109 563//109 561//109
f 451//110 449//110 448//110
f 428//70 435//70 434//70
f 638//14 640//14 639//14
f 526//26 519//26 520//26
f 383//111 394//111 384//111
f 385//112 390//112 386//112
f 27//14 641//14 642//14
f 497//113 496//113 500//113
f 489//28 491//28 492//28
f 509//114 507//114 511//114
f 513//115 512//115 514//115
f 517//116 515//116 518//116
f 495//117 494//117 496//117
f 504//29 505//29 506//29
f 503//31 501//31 505//31
f 498//118 501//118 502//118
f 519//32 518//32 520//32
f 510//119 511//119 512//119
f 513//30 515//30 516//30
f 504//120 507//120 508//120
f 525//46 521//46 526//46
f 549//26 532//26 534//26
f 532//26 529//26 534//26
f 533//26 548//26 539//26
f 524//3 531//3 523//3
f 533//5 541//5 538//5
f 539//26 546//26 544//26
f 541//14 542//14 540//14
f 630//14 535//14 536//14
f 543//121 539//121 544//121
f 535//14 537//14 536//14
f 538//6 532//6 533//6
f 535//122 530//122 532//122
f 568//26 558//26 565//26
f 529//26 524//26 528//26
f 545//26 546//26 554//26
f 523//14 630//14 527//14
f 561//123 553//123 555//123
f 569//14 571//14 564//14
f 569//124 567//124 570//124
f 588//14 584//14 585//14
f 568//26 566//26 567//26
f 553//26 554//26 556//26
f 547//14 542//14 543//14
f 552//14 550//14 547//14
f 551//14 561//14 560//14
f 555//26 558//26 559//26
f 555//26 556//26 557//26
f 569//70 559//70 568//70
f 567//46 573//46 570//46
f 561//14 562//14 560//14
f 571//14 573//14 572//14
f 570//14 573//14 571//14
f 576//14 584//14 575//14
f 36//9 41//9 42//9
f 576//125 574//125 577//125
f 574//26 566//26 580//26
f 617//46 618//46 619//46
f 590//14 586//14 588//14
f 576//14 572//14 573//14
f 590//14 591//14 589//14
f 601//14 594//14 591//14
f 582//26 587//26 629//26
f 617//26 611//26 145//26
f 629//48 601//48 590//48
f 609//9 628//9 614//9
f 606//14 600//14 599//14
f 615//14 607//14 609//14
f 578//126 588//126 585//126
f 609//14 604//14 606//14
f 615//14 127//14 608//14
f 594//14 599//14 600//14
f 615//12 614//12 613//12
f 602//26 605//26 614//26
f 606//127 597//127 628//127
f 612//13 615//13 613//13
f 528//26 522//26 525//26
f 616//14 125//14 127//14
f 599//22 596//22 597//22
f 543//107 545//107 547//107
f 165//14 164//14 167//14
f 140//120 626//120 141//120
f 151//112 153//112 150//112
f 167//128 154//128 166//128
f 136//115 623//115 137//115
f 138//113 160//113 157//113
f 148//129 149//129 147//129
f 138//46 156//46 139//46
f 595//26 593//26 592//26
f 601//45 596//45 598//45
f 585//110 577//110 578//110
f 590//130 583//130 629//130
f 567//26 566//26 574//26
f 552//131 545//131 553//131
f 569//14 562//14 563//14
f 538//14 540//14 537//14
f 381//14 523//14 527//14
f 382//14 523//14 381//14
f 381//14 633//14 382//14
f 636//14 635//14 637//14
f 645//14 638//14 639//14
f 639//5 646//5 645//5
f 634//14 635//14 633//14
f 649//14 650//14 17//14
f 781//3 14//3 18//3
f 676//132 687//132 688//132
f 680//2 678//2 653//2
f 679//133 685//133 654//133
f 687//134 815//134 688//134
f 677//38 651//38 655//38
f 674//135 673//135 661//135
f 669//136 667//136 670//136
f 665//137 671//137 664//137
f 661//138 672//138 660//138
f 662//139 660//139 672//139
f 660//26 665//26 659//26
f 668//26 667//26 669//26
f 678//140 652//140 676//140
f 680//141 685//141 682//141
f 656//26 653//26 674//26
f 654//142 678//142 679//142
f 686//143 677//143 655//143
f 680//144 686//144 683//144
f 691//46 693//46 692//46
f 707//2 385//2 386//2
f 396//2 383//2 709//2
f 692//145 690//145 691//145
f 816//146 689//146 690//146
f 419//26 402//26 404//26
f 509//2 510//2 382//2
f 698//147 699//147 700//147
f 697//148 695//148 699//148
f 704//149 705//149 706//149
f 698//150 701//150 702//150
f 693//151 695//151 696//151
f 710//152 707//152 708//152
f 703//153 701//153 705//153
f 707//102 706//102 708//102
f 376//154 375//154 709//154
f 377//155 365//155 711//155
f 711//156 365//156 712//156
f 371//157 376//157 711//157
f 711//158 712//158 371//158
f 365//159 366//159 712//159
f 371//160 712//160 366//160
f 415//26 416//26 414//26
f 370//161 361//161 357//161
f 368//162 353//162 360//162
f 360//163 353//163 362//163
f 362//164 345//164 814//164
f 362//165 348//165 345//165
f 353//166 348//166 362//166
f 353//167 347//167 348//167
f 332//14 333//14 336//14
f 378//14 396//14 380//14
f 409//14 337//14 342//14
f 255//26 266//26 256//26
f 756//168 755//168 757//168
f 244//169 262//169 258//169
f 760//170 759//170 762//170
f 714//171 733//171 715//171
f 722//172 728//172 724//172
f 721//173 729//173 722//173
f 718//14 735//14 719//14
f 716//174 731//174 717//174
f 715//175 732//175 716//175
f 717//176 730//176 721//176
f 295//26 292//26 294//26
f 241//177 738//177 242//177
f 239//178 741//178 240//178
f 242//179 737//179 739//179
f 719//180 734//180 714//180
f 238//181 742//181 239//181
f 240//182 740//182 241//182
f 256//183 265//183 251//183
f 252//184 263//184 253//184
f 253//185 262//185 243//185
f 245//186 260//186 246//186
f 758//187 757//187 759//187
f 754//188 753//188 755//188
f 723//189 726//189 725//189
f 724//190 727//190 723//190
f 720//191 748//191 749//191
f 750//192 748//192 751//192
f 761//193 764//193 255//193
f 752//194 751//194 753//194
f 720//1 726//1 747//1
f 761//195 762//195 763//195
f 250//196 744//196 237//196
f 237//197 743//197 238//197
f 247//198 268//198 248//198
f 249//199 745//199 250//199
f 244//200 259//200 245//200
f 246//201 267//201 247//201
f 252//202 265//202 264//202
f 739//203 736//203 718//203
f 248//2 746//2 249//2
f 225//26 218//26 222//26
f 233//14 257//14 234//14
f 773//147 775//147 772//147
f 773//150 769//150 771//150
f 771//153 768//153 770//153
f 778//151 776//151 777//151
f 770//149 767//149 765//149
f 777//148 775//148 774//148
f 174//46 171//46 175//46
f 171//204 820//204 175//204
f 168//205 176//205 820//205
f 166//106 153//106 152//106
f 142//116 621//116 143//116
f 141//114 625//114 135//114
f 128//105 162//105 161//105
f 129//117 161//117 160//117
f 135//119 624//119 136//119
f 139//118 159//118 134//118
f 144//14 125//14 122//14
f 123//14 144//14 122//14
f 122//206 124//206 121//206
f 47//13 49//13 39//13
f 42//11 37//11 36//11
f 38//45 31//45 33//45
f 32//46 30//46 31//46
f 22//7 25//7 24//7
f 808//14 782//14 781//14
f 92//207 88//207 89//207
f 90//208 82//208 88//208
f 83//209 81//209 79//209
f 83//210 783//210 98//210
f 50//2 3//2 51//2
f 50//211 55//211 45//211
f 71//212 99//212 78//212
f 77//2 85//2 98//2
f 98//213 99//213 77//213
f 478//127 470//127 468//127
f 23//107 29//107 25//107
f 169//214 172//214 176//214
f 173//132 170//132 178//132
f 789//215 795//215 794//215
f 766//152 793//152 212//152
f 806//1 46//1 47//1
f 172//1 124//1 175//1
f 104//14 103//14 48//14
f 19//5 24//5 16//5
f 226//26 231//26 227//26
f 227//216 807//216 269//216
f 261//217 807//217 236//217
f 222//218 224//218 225//218
f 231//126 224//126 230//126
f 807//219 230//219 232//219
f 234//220 807//220 232//220
f 38//10 108//10 110//10
f 112//45 38//45 110//45
f 640//221 27//221 644//221
f 173//222 194//222 187//222
f 125//1 174//1 124//1
f 624//1 625//1 125//1
f 125//1 161//1 162//1
f 164//1 485//1 766//1
f 485//1 785//1 766//1
f 804//14 475//14 474//14
f 461//26 487//26 469//26
f 372//223 370//223 373//223
f 186//26 180//26 183//26
f 186//26 189//26 179//26
f 182//216 202//216 181//216
f 205//224 206//224 202//224
f 208//26 206//26 204//26
f 209//26 207//26 208//26
f 499//46 497//46 500//46
f 809//225 645//225 646//225
f 635//4 632//4 633//4
f 631//226 633//226 632//226
f 375//2 396//2 709//2
f 380//14 379//14 378//14
f 62//1 65//1 106//1
f 1//20 96//20 782//20
f 811//227 104//227 95//227
f 95//1 91//1 92//1
f 4//2 5//2 3//2
f 5//2 9//2 11//2
f 9//2 10//2 11//2
f 11//2 13//2 7//2
f 13//2 12//2 7//2
f 12//2 8//2 7//2
f 7//2 3//2 5//2
f 3//2 781//2 2//2
f 781//2 782//2 2//2
f 5//2 11//2 7//2
f 14//3 3//3 52//3
f 14//4 15//4 17//4
f 16//5 24//5 26//5
f 20//6 19//6 16//6
f 27//7 26//7 24//7
f 21//4 20//4 15//4
f 664//228 671//228 670//228
f 35//9 44//9 40//9
f 33//10 34//10 37//10
f 34//11 35//11 36//11
f 40//12 44//12 43//12
f 43//13 806//13 47//13
f 49//12 41//12 40//12
f 117//14 780//14 116//14
f 54//229 56//229 58//229
f 56//230 57//230 64//230
f 72//17 64//17 57//17
f 56//2 54//2 59//2
f 54//2 50//2 53//2
f 59//2 54//2 53//2
f 50//2 51//2 53//2
f 57//2 56//2 59//2
f 69//2 67//2 68//2
f 67//2 57//2 66//2
f 68//2 67//2 66//2
f 77//2 71//2 75//2
f 71//2 69//2 68//2
f 75//2 76//2 77//2
f 68//2 75//2 71//2
f 57//2 59//2 13//2
f 69//231 71//231 78//231
f 70//19 72//19 67//19
f 45//1 55//1 46//1
f 55//1 58//1 60//1
f 46//1 55//1 60//1
f 58//1 64//1 63//1
f 64//1 72//1 63//1
f 72//1 70//1 65//1
f 70//1 78//1 73//1
f 65//1 70//1 73//1
f 78//1 99//1 106//1
f 78//1 106//1 74//1
f 63//1 72//1 65//1
f 78//1 74//1 73//1
f 62//1 60//1 58//1
f 821//1 784//1 783//1
f 783//1 79//1 821//1
f 79//1 81//1 80//1
f 81//1 90//1 80//1
f 90//1 92//1 812//1
f 80//1 90//1 812//1
f 92//1 91//1 812//1
f 88//2 82//2 86//2
f 82//2 83//2 86//2
f 83//2 98//2 84//2
f 98//2 85//2 84//2
f 89//2 88//2 87//2
f 87//2 97//2 89//2
f 83//2 84//2 86//2
f 648//6 17//6 15//6
f 96//14 95//14 93//14
f 89//2 97//2 96//2
f 94//20 93//20 92//20
f 99//1 783//1 784//1
f 108//14 42//14 107//14
f 49//14 48//14 103//14
f 49//14 102//14 101//14
f 41//14 101//14 107//14
f 184//232 177//232 186//232
f 114//22 112//22 113//22
f 118//233 114//233 115//233
f 113//14 119//14 117//14
f 780//14 779//14 123//14
f 111//14 110//14 108//14
f 116//9 123//9 120//9
f 121//234 120//234 123//234
f 110//14 111//14 119//14
f 151//235 150//235 147//235
f 620//26 619//26 618//26
f 132//236 146//236 148//236
f 130//28 132//28 163//28
f 133//29 158//29 627//29
f 137//30 623//30 622//30
f 134//31 159//31 158//31
f 143//32 621//32 620//32
f 193//33 190//33 188//33
f 206//237 207//237 211//237
f 185//238 184//238 183//238
f 198//239 191//239 194//239
f 192//240 194//240 191//240
f 190//241 189//241 187//241
f 173//242 178//242 200//242
f 195//243 196//243 197//243
f 196//244 199//244 197//244
f 199//245 200//245 197//245
f 201//246 185//246 181//246
f 182//26 181//26 183//26
f 203//247 201//247 202//247
f 220//44 217//44 216//44
f 469//45 467//45 465//45
f 255//46 256//46 234//46
f 313//26 319//26 318//26
f 217//26 220//26 222//26
f 220//48 223//48 221//48
f 270//26 261//26 236//26
f 280//248 286//248 285//248
f 290//50 289//50 283//50
f 280//51 279//51 278//51
f 761//46 255//46 254//46
f 254//46 310//46 309//46
f 310//46 318//46 317//46
f 310//46 317//46 316//46
f 760//46 761//46 254//46
f 758//46 760//46 254//46
f 310//46 316//46 311//46
f 310//46 311//46 309//46
f 756//46 758//46 254//46
f 754//46 756//46 254//46
f 254//46 309//46 308//46
f 752//46 754//46 254//46
f 750//46 752//46 254//46
f 254//46 308//46 304//46
f 254//46 304//46 303//46
f 749//46 750//46 254//46
f 720//46 749//46 295//46
f 749//46 254//46 295//46
f 254//46 303//46 301//46
f 254//46 301//46 300//46
f 725//46 720//46 295//46
f 723//46 725//46 295//46
f 254//46 300//46 296//46
f 254//46 296//46 295//46
f 724//46 723//46 295//46
f 722//46 724//46 295//46
f 295//46 294//46 719//46
f 714//46 295//46 719//46
f 295//46 714//46 715//46
f 294//46 281//46 234//46
f 721//46 722//46 295//46
f 717//46 721//46 295//46
f 716//46 717//46 295//46
f 715//46 716//46 295//46
f 719//46 294//46 718//46
f 718//46 294//46 739//46
f 739//46 294//46 242//46
f 281//46 282//46 234//46
f 242//46 294//46 241//46
f 241//46 294//46 240//46
f 240//46 294//46 239//46
f 239//46 294//46 238//46
f 238//46 294//46 237//46
f 237//46 294//46 250//46
f 250//46 294//46 249//46
f 249//46 294//46 248//46
f 248//46 294//46 247//46
f 294//46 234//46 247//46
f 246//46 247//46 234//46
f 245//46 246//46 234//46
f 244//46 245//46 234//46
f 243//46 244//46 234//46
f 253//46 243//46 234//46
f 252//46 253//46 234//46
f 234//46 256//46 251//46
f 271//46 236//46 272//46
f 236//46 234//46 278//46
f 272//46 236//46 276//46
f 276//249 236//249 277//249
f 234//46 251//46 252//46
f 277//46 236//46 278//46
f 234//46 282//46 283//46
f 234//46 283//46 284//46
f 286//46 278//46 234//46
f 234//46 284//46 285//46
f 273//2 270//2 271//2
f 292//52 291//52 281//52
f 274//53 273//53 272//53
f 275//54 274//54 276//54
f 275//55 277//55 278//55
f 291//56 290//56 282//56
f 305//250 302//250 303//250
f 289//58 288//58 284//58
f 288//251 287//251 285//251
f 307//60 306//60 308//60
f 307//61 309//61 311//61
f 298//62 297//62 296//62
f 306//252 305//252 304//252
f 299//64 298//64 300//64
f 315//65 314//65 316//65
f 297//66 293//66 295//66
f 302//67 299//67 301//67
f 317//1 318//1 319//1
f 314//68 312//68 311//68
f 313//26 310//26 713//26
f 713//26 328//26 326//26
f 328//26 329//26 326//26
f 329//26 331//26 335//26
f 331//26 341//26 334//26
f 335//26 331//26 334//26
f 341//47 338//47 334//47
f 326//47 329//47 335//47
f 320//26 313//26 713//26
f 323//14 254//14 235//14
f 439//26 436//26 435//26
f 322//14 323//14 321//14
f 322//14 324//14 325//14
f 333//14 330//14 327//14
f 339//253 338//253 340//253
f 338//254 341//254 340//254
f 330//131 332//131 341//131
f 330//131 341//131 331//131
f 327//123 330//123 331//123
f 327//255 331//255 329//255
f 322//256 327//256 329//256
f 322//109 329//109 328//109
f 310//257 254//257 323//257
f 323//258 322//258 328//258
f 713//124 310//124 323//124
f 344//101 351//101 352//101
f 373//14 355//14 354//14
f 397//14 398//14 405//14
f 344//80 342//80 337//80
f 356//14 352//14 354//14
f 767//102 766//102 212//102
f 489//236 388//236 488//236
f 388//259 387//259 389//259
f 389//260 387//260 386//260
f 493//105 492//105 491//105
f 384//106 394//106 391//106
f 408//14 411//14 410//14
f 402//26 399//26 400//26
f 403//26 419//26 418//26
f 409//26 418//26 415//26
f 395//14 398//14 397//14
f 411//14 412//14 413//14
f 405//14 408//14 407//14
f 413//14 412//14 417//14
f 414//107 416//107 417//107
f 409//121 414//121 412//121
f 409//121 412//121 411//121
f 403//5 409//5 411//5
f 403//5 411//5 408//5
f 402//6 403//6 408//6
f 402//6 408//6 405//6
f 395//3 396//3 399//3
f 399//122 402//122 405//122
f 398//3 395//3 399//3
f 396//26 401//26 400//26
f 342//107 343//107 341//107
f 420//14 421//14 429//14
f 429//14 432//14 431//14
f 435//26 428//26 438//26
f 422//26 416//26 424//26
f 434//14 433//14 431//14
f 434//14 440//14 442//14
f 427//26 422//26 425//26
f 438//26 428//26 427//26
f 19//261 20//261 21//261
f 21//47 52//47 23//47
f 52//26 50//26 30//26
f 50//26 45//26 31//26
f 45//26 806//26 31//26
f 806//262 43//262 44//262
f 44//26 35//26 34//26
f 34//263 33//263 806//263
f 33//26 31//26 806//26
f 31//26 30//26 50//26
f 30//26 23//26 52//26
f 23//264 22//264 19//264
f 19//265 21//265 23//265
f 423//14 417//14 421//14
f 436//46 441//46 452//46
f 452//14 453//14 442//14
f 213//45 223//45 220//45
f 465//14 464//14 462//14
f 465//14 462//14 463//14
f 462//14 454//14 463//14
f 455//14 463//14 454//14
f 449//14 451//14 450//14
f 451//14 455//14 450//14
f 453//14 452//14 449//14
f 444//14 453//14 449//14
f 450//14 455//14 454//14
f 460//26 461//26 457//26
f 457//26 456//26 458//26
f 456//26 447//26 458//26
f 447//26 448//26 446//26
f 448//26 441//26 445//26
f 446//26 448//26 445//26
f 441//26 443//26 445//26
f 458//26 447//26 446//26
f 459//26 460//26 457//26
f 466//14 464//14 465//14
f 477//26 468//26 474//26
f 468//26 469//26 472//26
f 474//26 468//26 472//26
f 469//26 487//26 472//26
f 476//26 477//26 475//26
f 475//47 477//47 474//47
f 485//26 486//26 481//26
f 486//26 476//26 475//26
f 481//14 485//14 484//14
f 478//14 479//14 480//14
f 479//14 483//14 482//14
f 483//14 155//14 165//14
f 483//14 165//14 482//14
f 470//14 478//14 473//14
f 479//14 482//14 480//14
f 466//14 467//14 470//14
f 471//14 466//14 470//14
f 478//14 480//14 473//14
f 555//109 559//109 563//109
f 457//266 461//266 465//266
f 457//48 465//48 463//48
f 456//130 457//130 463//130
f 456//130 463//130 455//130
f 447//126 456//126 455//126
f 447//126 455//126 451//126
f 452//125 441//125 448//125
f 448//110 447//110 451//110
f 449//125 452//125 448//125
f 421//267 417//267 416//267
f 421//131 416//131 422//131
f 429//123 421//123 422//123
f 429//123 422//123 427//123
f 432//109 429//109 427//109
f 432//109 427//109 428//109
f 436//124 440//124 434//124
f 434//70 432//70 428//70
f 435//124 436//124 434//124
f 638//14 641//14 640//14
f 526//26 521//26 519//26
f 383//128 393//128 394//128
f 385//112 391//112 390//112
f 27//14 640//14 641//14
f 497//113 495//113 496//113
f 489//28 490//28 491//28
f 509//114 508//114 507//114
f 513//115 510//115 512//115
f 517//116 516//116 515//116
f 495//117 493//117 494//117
f 504//29 503//29 505//29
f 503//31 502//31 501//31
f 498//118 499//118 501//118
f 519//32 517//32 518//32
f 510//119 509//119 511//119
f 513//30 514//30 515//30
f 504//120 506//120 507//120
f 525//46 522//46 521//46
f 549//26 533//26 532//26
f 532//26 530//26 529//26
f 533//26 549//26 548//26
f 524//3 530//3 531//3
f 533//5 539//5 541//5
f 539//26 548//26 546//26
f 541//14 543//14 542//14
f 630//14 531//14 535//14
f 543//121 541//121 539//121
f 535//14 538//14 537//14
f 538//6 535//6 532//6
f 535//122 531//122 530//122
f 568//26 559//26 558//26
f 529//26 530//26 524//26
f 545//26 544//26 546//26
f 523//14 531//14 630//14
f 561//123 552//123 553//123
f 569//14 570//14 571//14
f 569//124 568//124 567//124
f 588//14 586//14 584//14
f 568//26 565//26 566//26
f 553//26 545//26 554//26
f 547//14 550//14 542//14
f 552//14 551//14 550//14
f 551//14 552//14 561//14
f 555//26 557//26 558//26
f 555//26 553//26 556//26
f 569//70 563//70 559//70
f 567//46 574//46 573//46
f 561//14 563//14 562//14
f 576//14 585//14 584//14
f 36//9 40//9 41//9
f 576//125 573//125 574//125
f 617//46 145//46 618//46
f 590//14 589//14 586//14
f 576//14 575//14 572//14
f 590//14 601//14 591//14
f 601//14 598//14 594//14
f 592//26 593//26 629//26
f 629//26 583//26 582//26
f 583//26 578//26 582//26
f 578//26 577//26 581//26
f 577//26 574//26 579//26
f 581//26 577//26 579//26
f 574//26 580//26 579//26
f 582//26 578//26 581//26
f 587//26 592//26 629//26
f 617//26 612//26 611//26
f 629//48 593//48 601//48
f 609//9 606//9 628//9
f 606//14 604//14 600//14
f 615//14 608//14 607//14
f 578//126 583//126 588//126
f 609//14 607//14 604//14
f 615//14 616//14 127//14
f 594//14 598//14 599//14
f 615//12 609//12 614//12
f 610//26 611//26 612//26
f 612//26 613//26 610//26
f 613//26 614//26 605//26
f 614//26 628//26 602//26
f 628//26 597//26 602//26
f 597//26 596//26 595//26
f 597//26 595//26 603//26
f 613//26 605//26 610//26
f 597//26 603//26 602//26
f 606//127 599//127 597//127
f 612//13 616//13 615//13
f 528//26 524//26 522//26
f 599//22 598//22 596//22
f 543//107 544//107 545//107
f 165//14 155//14 164//14
f 140//120 627//120 626//120
f 151//112 152//112 153//112
f 167//111 164//111 154//111
f 136//115 624//115 623//115
f 138//113 129//113 160//113
f 148//268 146//268 149//268
f 138//46 157//46 156//46
f 595//26 596//26 593//26
f 601//45 593//45 596//45
f 585//110 576//110 577//110
f 590//130 588//130 583//130
f 552//131 547//131 545//131
f 569//14 564//14 562//14
f 538//14 541//14 540//14
f 381//14 634//14 633//14
f 636//14 645//14 635//14
f 645//14 636//14 638//14
f 639//269 644//269 646//269
f 634//14 637//14 635//14
f 6//14 808//14 781//14
f 781//14 18//14 6//14
f 18//14 17//14 650//14
f 17//14 648//14 649//14
f 648//14 26//14 649//14
f 26//14 27//14 647//14
f 27//14 642//14 647//14
f 18//14 650//14 6//14
f 26//14 647//14 649//14
f 781//3 3//3 14//3
f 676//132 652//132 687//132
f 692//2 693//2 631//2
f 693//2 382//2 631//2
f 631//2 675//2 674//2
f 676//2 688//2 631//2
f 815//270 816//270 692//270
f 682//2 679//2 680//2
f 679//271 678//271 680//271
f 678//2 676//2 653//2
f 631//2 674//2 653//2
f 653//270 677//270 680//270
f 677//2 684//2 680//2
f 631//2 653//2 676//2
f 679//272 682//272 685//272
f 687//273 689//273 815//273
f 677//241 653//241 651//241
f 674//274 675//274 673//274
f 665//275 662//275 671//275
f 661//276 673//276 672//276
f 662//277 665//277 660//277
f 664//264 667//264 666//264
f 666//265 663//265 664//265
f 663//26 659//26 665//26
f 659//26 658//26 660//26
f 658//26 657//26 660//26
f 657//26 656//26 674//26
f 657//26 674//26 661//26
f 663//26 665//26 664//26
f 657//265 661//265 660//265
f 668//26 666//26 667//26
f 678//278 681//278 652//278
f 680//279 683//279 685//279
f 656//26 651//26 653//26
f 654//280 681//280 678//280
f 686//281 684//281 677//281
f 680//282 684//282 686//282
f 691//46 694//46 693//46
f 497//2 498//2 382//2
f 382//2 693//2 696//2
f 382//2 696//2 697//2
f 495//2 497//2 382//2
f 493//2 495//2 382//2
f 382//2 697//2 698//2
f 382//2 698//2 388//2
f 698//2 702//2 388//2
f 492//2 493//2 382//2
f 489//2 492//2 382//2
f 702//2 703//2 388//2
f 703//2 704//2 387//2
f 388//283 489//283 382//283
f 387//2 388//2 703//2
f 704//2 707//2 386//2
f 387//2 704//2 386//2
f 707//2 709//2 384//2
f 709//2 383//2 384//2
f 707//2 384//2 385//2
f 396//2 395//2 383//2
f 692//284 816//284 690//284
f 816//285 815//285 689//285
f 419//26 403//26 402//26
f 519//2 521//2 522//2
f 522//2 524//2 523//2
f 382//2 498//2 502//2
f 382//2 502//2 503//2
f 522//2 523//2 382//2
f 517//2 519//2 382//2
f 519//2 522//2 382//2
f 382//2 503//2 504//2
f 382//2 504//2 508//2
f 516//2 517//2 382//2
f 513//2 516//2 382//2
f 382//2 508//2 509//2
f 510//2 513//2 382//2
f 698//286 697//286 699//286
f 697//148 696//148 695//148
f 704//287 703//287 705//287
f 698//150 700//150 701//150
f 693//151 694//151 695//151
f 710//152 709//152 707//152
f 703//153 702//153 701//153
f 707//102 704//102 706//102
f 709//152 710//152 377//152
f 377//288 711//288 709//288
f 711//289 376//289 709//289
f 415//26 424//26 416//26
f 332//14 330//14 333//14
f 255//26 764//26 266//26
f 756//168 754//168 755//168
f 244//169 243//169 262//169
f 760//170 758//170 759//170
f 714//171 734//171 733//171
f 722//172 729//172 728//172
f 721//290 730//290 729//290
f 718//14 736//14 735//14
f 716//174 732//174 731//174
f 715//175 733//175 732//175
f 717//176 731//176 730//176
f 295//26 293//26 292//26
f 241//177 740//177 738//177
f 239//178 742//178 741//178
f 242//179 738//179 737//179
f 719//180 735//180 734//180
f 238//291 743//291 742//291
f 240//182 741//182 740//182
f 256//183 266//183 265//183
f 252//184 264//184 263//184
f 253//185 263//185 262//185
f 245//186 259//186 260//186
f 758//187 756//187 757//187
f 754//188 752//188 753//188
f 723//189 727//189 726//189
f 724//190 728//190 727//190
f 720//191 747//191 748//191
f 750//192 749//192 748//192
f 761//193 763//193 764//193
f 752//292 750//292 751//292
f 720//1 725//1 726//1
f 761//195 760//195 762//195
f 250//196 745//196 744//196
f 237//293 744//293 743//293
f 247//198 267//198 268//198
f 249//199 746//199 745//199
f 244//200 258//200 259//200
f 246//201 260//201 267//201
f 252//202 251//202 265//202
f 739//203 737//203 736//203
f 248//2 268//2 746//2
f 225//26 226//26 218//26
f 221//14 223//14 219//14
f 223//80 457//80 215//80
f 221//101 219//101 229//101
f 215//14 219//14 223//14
f 224//14 221//14 229//14
f 224//14 229//14 228//14
f 232//14 230//14 228//14
f 230//14 224//14 228//14
f 441//14 234//14 257//14
f 234//14 232//14 233//14
f 233//14 232//14 228//14
f 773//147 774//147 775//147
f 773//150 772//150 769//150
f 771//153 769//153 768//153
f 778//151 174//151 776//151
f 770//287 768//287 767//287
f 777//148 776//148 775//148
f 174//46 778//46 171//46
f 171//294 168//294 820//294
f 168//295 169//295 176//295
f 166//106 154//106 153//106
f 142//116 622//116 621//116
f 141//114 626//114 625//114
f 128//105 130//105 162//105
f 129//117 128//117 161//117
f 135//119 625//119 624//119
f 139//118 156//118 159//118
f 144//14 126//14 125//14
f 123//14 779//14 144//14
f 122//13 125//13 124//13
f 47//13 48//13 49//13
f 42//11 108//11 37//11
f 38//45 32//45 31//45
f 32//46 29//46 30//46
f 22//7 23//7 25//7
f 808//14 1//14 782//14
f 92//207 90//207 88//207
f 90//296 81//296 82//296
f 83//209 82//209 81//209
f 83//210 79//210 783//210
f 50//2 52//2 3//2
f 50//297 54//297 55//297
f 71//298 77//298 99//298
f 77//2 76//2 85//2
f 98//213 783//213 99//213
f 486//13 485//13 155//13
f 486//13 155//13 483//13
f 476//12 486//12 483//12
f 476//12 483//12 479//12
f 477//9 476//9 479//9
f 477//9 479//9 478//9
f 467//22 469//22 468//22
f 468//11 477//11 478//11
f 470//22 467//22 468//22
f 23//107 30//107 29//107
f 169//299 170//299 172//299
f 173//132 172//132 170//132
f 800//300 798//300 214//300
f 214//301 798//301 797//301
f 797//302 798//302 819//302
f 819//303 796//303 789//303
f 798//304 799//304 819//304
f 789//305 794//305 788//305
f 788//306 790//306 787//306
f 790//307 791//307 787//307
f 787//308 791//308 786//308
f 786//309 791//309 817//309
f 817//310 793//310 785//310
f 817//311 792//311 793//311
f 791//312 792//312 817//312
f 799//313 796//313 819//313
f 788//314 794//314 790//314
f 795//315 789//315 796//315
f 766//316 785//316 793//316
f 213//317 214//317 805//317
f 214//318 797//318 801//318
f 805//319 214//319 804//319
f 804//320 214//320 803//320
f 803//321 214//321 802//321
f 789//322 788//322 801//322
f 802//323 214//323 801//323
f 788//324 787//324 801//324
f 801//325 817//325 785//325
f 786//326 801//326 787//326
f 806//1 45//1 46//1
f 104//14 105//14 103//14
f 19//5 22//5 24//5
f 226//26 225//26 231//26
f 227//327 231//327 807//327
f 261//216 269//216 807//216
f 222//130 221//130 224//130
f 231//328 225//328 224//328
f 807//329 231//329 230//329
f 234//330 236//330 807//330
f 38//10 37//10 108//10
f 110//45 113//45 112//45
f 112//45 32//45 38//45
f 27//331 25//331 644//331
f 25//107 28//107 643//107
f 644//332 25//332 643//332
f 644//121 639//121 640//121
f 186//1 177//1 124//1
f 124//1 174//1 175//1
f 172//1 173//1 124//1
f 173//1 199//1 196//1
f 196//333 195//333 194//333
f 194//1 192//1 188//1
f 188//1 187//1 194//1
f 187//1 186//1 124//1
f 175//1 176//1 172//1
f 173//1 196//1 194//1
f 187//1 124//1 173//1
f 125//1 616//1 617//1
f 616//1 612//1 617//1
f 617//1 619//1 620//1
f 159//1 156//1 125//1
f 158//1 159//1 125//1
f 125//1 617//1 620//1
f 125//1 620//1 621//1
f 627//1 158//1 125//1
f 626//1 627//1 125//1
f 125//1 621//1 622//1
f 125//1 622//1 623//1
f 625//1 626//1 125//1
f 125//1 623//1 624//1
f 154//1 164//1 766//1
f 154//1 766//1 153//1
f 766//1 767//1 153//1
f 153//1 767//1 150//1
f 767//1 768//1 150//1
f 150//1 768//1 147//1
f 768//1 769//1 147//1
f 147//1 769//1 148//1
f 769//1 772//1 148//1
f 148//1 772//1 125//1
f 772//1 775//1 125//1
f 163//334 148//334 125//334
f 776//1 174//1 125//1
f 775//1 776//1 125//1
f 162//222 163//222 125//222
f 125//1 156//1 157//1
f 125//1 157//1 160//1
f 125//1 160//1 161//1
f 164//1 155//1 485//1
f 485//1 801//1 785//1
f 801//80 485//80 481//80
f 803//80 802//80 475//80
f 802//14 801//14 475//14
f 475//14 801//14 481//14
f 805//14 804//14 474//14
f 804//14 803//14 475//14
f 468//14 213//14 474//14
f 213//335 805//335 474//335
f 472//14 487//14 468//14
f 461//26 460//26 487//26
f 343//121 342//121 344//121
f 343//336 344//336 356//336
f 813//337 373//337 345//337
f 343//338 356//338 355//338
f 343//339 355//339 373//339
f 814//340 373//340 358//340
f 373//341 380//341 374//341
f 380//342 375//342 374//342
f 357//343 358//343 373//343
f 373//344 374//344 372//344
f 370//345 357//345 373//345
f 186//47 179//47 180//47
f 186//26 187//26 189//26
f 182//26 205//26 202//26
f 205//26 204//26 206//26
f 208//224 207//224 206//224
f 209//216 210//216 207//216
f 499//46 498//46 497//46
f 809//6 635//6 645//6
f 635//4 809//4 632//4
f 631//346 382//346 633//346
f 375//2 380//2 396//2
f 380//14 373//14 379//14
f 74//1 106//1 73//1
f 106//1 784//1 47//1
f 91//1 104//1 48//1
f 48//1 47//1 91//1
f 47//1 46//1 106//1
f 46//1 60//1 62//1
f 62//1 63//1 65//1
f 65//1 73//1 106//1
f 91//1 821//1 812//1
f 46//1 62//1 106//1
f 1//347 810//347 96//347
f 811//20 105//20 104//20
f 821//1 80//1 812//1
f 784//1 821//1 91//1
f 91//1 47//1 784//1
f 814//348 345//348 373//348
f 813//349 343//349 373//349
f 175//1 820//1 176//1
f 801//350 786//350 817//350
f 819//351 789//351 801//351
f 801//352 797//352 819//352
f 688//270 815//270 692//270
f 692//2 631//2 688//2
f 61//2 100//2 4//2
f 2//2 61//2 4//2
f 4//2 3//2 2//2
o 5
v -0.087839 -0.075000 1.786000
v -0.087839 -0.075000 1.782000
v -0.083568 -0.074694 1.782000
v -0.083568 -0.074694 1.786000
v -0.079384 -0.073784 1.782000
v -0.075373 -0.072287 1.782000
v -0.079384 -0.073784 1.786000
v -0.075373 -0.072287 1.786000
v -0.071615 -0.070234 1.782000
v -0.071615 -0.070234 1.786000
v -0.068187 -0.067667 1.786000
v -0.068187 -0.067667 1.782000
v -0.016284 -0.022667 1.786000
v -0.016284 -0.022667 1.782000
v -0.013006 -0.019345 1.782000
v -0.013006 -0.019345 1.786000
v -0.010283 -0.015554 1.782000
v -0.010283 -0.015554 1.786000
v -0.008181 -0.011387 1.782000
v -0.008181 -0.011387 1.786000
v -0.006751 -0.006944 1.782000
v -0.006027 -0.002334 1.782000
v -0.006751 -0.006944 1.786000
v -0.006751 0.006944 1.782000
v -0.006751 0.006944 1.786000
v -0.006027 0.002334 1.782000
v -0.006027 -0.002334 1.786000
v -0.006027 0.002334 1.786000
v -0.008181 0.011387 1.786000
v -0.008181 0.011387 1.782000
v -0.010283 0.015554 1.782000
v -0.010283 0.015554 1.786000
v -0.013006 0.019345 1.782000
v -0.016284 0.022667 1.782000
v -0.013006 0.019345 1.786000
v -0.016284 0.022667 1.786000
v -0.068187 0.067667 1.786000
v -0.068187 0.067667 1.782000
v -0.071615 0.070234 1.782000
v -0.146645 0.075000 1.782000
v -0.146645 0.075000 1.786000
v -0.087839 0.075000 1.782000
v -0.083568 0.074694 1.786000
v -0.087839 0.075000 1.786000
v -0.083568 0.074694 1.782000
v -0.079384 0.073784 1.786000
v -0.079384 0.073784 1.782000
v -0.075373 0.072287 1.782000
v -0.075373 0.072287 1.786000
v -0.071615 0.070234 1.786000
v -0.146645 -0.075000 1.782000
v -0.146645 -0.075000 1.786000
vn 0.0714 -0.9974 -0.0000
vn 0.5995 -0.8004 -0.0000
vn 0.4794 -0.8776 -0.0000
vn 0.3496 -0.9369 -0.0000
vn 0.2126 -0.9771 -0.0000
vn 0.9519 -0.3065 -0.0000
vn 0.8122 0.5834 -0.0000
vn 0.9879 0.1551 -0.0000
vn 1.0000 -0.0000 -0.0000
vn 0.9519 0.3065 -0.0000
vn 0.7119 0.7023 -0.0000
vn 0.7119 -0.7023 -0.0000
vn 0.8928 -0.4504 -0.0000
vn -0.0000 -0.0000 -1.0000
vn -0.0000 -0.0000 1.0000
vn 0.8928 0.4504 -0.0000
vn 0.8122 -0.5834 -0.0000
vn 0.9879 -0.1551 -0.0000
vn 0.6551 0.7556 -0.0000
vn -0.0000 1.0000 -0.0000
vn 0.2126 0.9771 -0.0000
vn 0.3496 0.9369 -0.0000
vn 0.4794 0.8776 -0.0000
vn 0.5995 0.8004 -0.0000
vn 0.0714 0.9974 -0.0000
vn -1.0000 -0.0000 -0.0000
vn -0.0000 -1.0000 -0.0000
vn 0.6551 -0.7556 -0.0000
vn 0.0001 -0.0000 -1.0000
vn -0.0002 -0.0000 -1.0000
vn -0.0001 -0.0000 -1.0000
vn 0.0002 -0.0000 -1.0000
vn 0.0001 -0.0000 1.0000
vn -0.0003 -0.0000 1.0000
vn 0.0011 -0.0000 1.0000
vn 0.0002 -0.0000 1.0000
vn -0.0002 -0.0000 1.0000
vn 0.0714 0.9975 -0.0000
s 0
usemtl aluminum
f 825//353 823//353 824//353
f 830//354 832//354 831//354
f 831//355 827//355 830//355
f 829//356 826//356 827//356
f 828//357 824//357 826//357
f 844//358 840//358 842//358
f 856//359 852//359 854//359
f 847//360 846//360 849//360
f 849//361 843//361 847//361
f 845//362 850//362 846//362
f 857//363 854//363 855//363
f 837//364 835//364 836//364
f 841//365 838//365 840//365
f 833//366 827//366 824//366
f 839//367 849//367 856//367
f 853//368 851//368 852//368
f 839//369 836//369 838//369
f 848//370 842//370 843//370
f 855//371 858//371 857//371
f 862//372 863//372 861//372
f 864//373 868//373 866//373
f 869//374 867//374 870//374
f 860//375 870//375 871//375
f 871//376 859//376 860//376
f 865//377 866//377 863//377
f 862//378 872//378 873//378
f 873//379 823//379 822//379
f 834//380 833//380 835//380
f 825//353 822//353 823//353
f 830//354 833//354 832//354
f 831//355 829//355 827//355
f 829//356 828//356 826//356
f 828//357 825//357 824//357
f 844//358 841//358 840//358
f 856//359 853//359 852//359
f 847//360 845//360 846//360
f 849//361 848//361 843//361
f 845//362 851//362 850//362
f 857//363 856//363 854//363
f 837//364 834//364 835//364
f 841//365 839//365 838//365
f 824//381 823//381 833//381
f 823//366 872//366 863//366
f 872//366 861//366 863//366
f 863//366 866//366 868//366
f 868//382 869//382 860//382
f 860//366 859//366 863//366
f 859//366 855//366 835//366
f 835//383 855//383 836//383
f 855//366 854//366 852//366
f 852//366 851//366 845//366
f 845//366 847//366 843//366
f 843//384 842//384 836//384
f 842//366 840//366 836//366
f 840//366 838//366 836//366
f 835//366 833//366 859//366
f 859//366 833//366 863//366
f 833//384 830//384 827//384
f 827//366 826//366 824//366
f 823//366 863//366 833//366
f 863//366 868//366 860//366
f 855//366 852//366 836//366
f 852//383 845//383 836//383
f 845//366 843//366 836//366
f 822//367 825//367 828//367
f 828//367 829//367 831//367
f 831//385 832//385 822//385
f 832//367 834//367 857//367
f 834//386 837//386 839//386
f 839//367 841//367 849//367
f 841//367 844//367 849//367
f 844//387 848//387 849//387
f 849//367 846//367 856//367
f 846//388 850//388 856//388
f 850//386 853//386 856//386
f 856//385 857//385 834//385
f 857//367 858//367 832//367
f 832//367 858//367 865//367
f 858//367 871//367 870//367
f 870//389 867//389 864//389
f 864//367 865//367 858//367
f 865//367 862//367 822//367
f 862//367 873//367 822//367
f 822//367 828//367 831//367
f 834//367 839//367 856//367
f 858//367 870//367 864//367
f 832//367 865//367 822//367
f 853//368 850//368 851//368
f 839//369 837//369 836//369
f 848//370 844//370 842//370
f 855//371 859//371 858//371
f 862//372 865//372 863//372
f 864//373 867//373 868//373
f 869//374 868//374 867//374
f 860//375 869//375 870//375
f 871//376 858//376 859//376
f 865//390 864//390 866//390
f 862//378 861//378 872//378
f 873//379 872//379 823//379
f 834//380 832//380 833//380
o 4
v 0.747158 0.293757 0.015500
v 0.743158 0.293757 0.015500
v 0.747158 -0.293757 0.015500
v 0.747158 -0.293757 0.083000
v 0.747158 0.293757 0.083000
v 0.747050 0.295134 0.015500
v 0.746728 0.296476 0.015500
v 0.747050 0.295134 0.083000
v 0.743099 0.294508 0.015500
v 0.742923 0.295240 0.015500
v 0.743099 0.294508 0.083000
v 0.743158 0.293757 0.083000
v 0.743158 -0.293757 0.015500
v 0.743158 0.293757 0.098000
v 0.743158 -0.293757 0.098000
v 0.743158 -0.293757 0.083000
v 0.747158 -0.293757 0.098000
v 0.743099 -0.294508 0.083000
v 0.747050 -0.295134 0.083000
v 0.746728 -0.296476 0.083000
v 0.747050 -0.295134 0.015500
v 0.743099 -0.294508 0.015500
v 0.742923 -0.295240 0.015500
v 0.746728 -0.296476 0.015500
v 0.742635 -0.295936 0.015500
v 0.746199 -0.297752 0.015500
v 0.746199 -0.297752 0.083000
v 0.745478 -0.298929 0.083000
v 0.742635 -0.295936 0.083000
v 0.742923 -0.295240 0.083000
v 0.742242 -0.296578 0.083000
v 0.741752 -0.297151 0.083000
v 0.744581 -0.299979 0.083000
v 0.742242 -0.296578 0.015500
v 0.745478 -0.298929 0.015500
v 0.741752 -0.297151 0.015500
v 0.744581 -0.299979 0.015500
v 0.699309 -0.339594 0.015500
v 0.702138 -0.342423 0.015500
v 0.702138 -0.342423 0.083000
v 0.698737 -0.340083 0.015500
v 0.701088 -0.343319 0.015500
v 0.701088 -0.343319 0.083000
v 0.699910 -0.344041 0.083000
v 0.698737 -0.340083 0.083000
v 0.699309 -0.339594 0.083000
v 0.698094 -0.340477 0.083000
v 0.697399 -0.340765 0.083000
v 0.698635 -0.344569 0.083000
v 0.698094 -0.340477 0.015500
v 0.699910 -0.344041 0.015500
v 0.697399 -0.340765 0.015500
v 0.696666 -0.340941 0.083000
v 0.698635 -0.344569 0.015500
v 0.696666 -0.340941 0.015500
v 0.697292 -0.344892 0.015500
v 0.695915 -0.341000 0.015500
v 0.695915 -0.341000 0.083000
v 0.695915 -0.345000 0.083000
v 0.695915 -0.341000 0.098000
v 0.695792 -0.341000 0.099565
v 0.695915 -0.345000 0.098000
v 0.694005 -0.341000 0.103878
v 0.694825 -0.341000 0.102540
v 0.695426 -0.341000 0.101091
v 0.689005 -0.341000 0.107511
v 0.690455 -0.341000 0.106910
v 0.687480 -0.341000 0.107877
v 0.691793 -0.341000 0.106091
v 0.692986 -0.341000 0.105071
v 0.685915 -0.341000 0.108000
v 0.685915 -0.345000 0.108000
v 0.694005 -0.345000 0.103878
v 0.694825 -0.345000 0.102540
v 0.695792 -0.345000 0.099565
v 0.695426 -0.345000 0.101091
v 0.692986 -0.345000 0.105071
v 0.691793 -0.345000 0.106091
v 0.690455 -0.345000 0.106910
v 0.689005 -0.345000 0.107511
v 0.687480 -0.345000 0.107877
v 0.592658 -0.341000 0.108000
v 0.592658 -0.345000 0.108000
v 0.592658 -0.345000 0.015500
v 0.592658 -0.341000 0.015500
v 0.695915 -0.345000 0.015500
v 0.697292 -0.344892 0.083000
v 0.747158 0.283757 0.108000
v 0.747158 -0.293634 0.099565
v 0.747158 -0.283757 0.108000
v 0.747158 0.293757 0.098000
v 0.743158 0.293634 0.099565
v 0.747158 0.293634 0.099565
v 0.747158 0.293267 0.101091
v 0.743158 0.293267 0.101091
v 0.743158 0.292667 0.102540
v 0.743158 0.283757 0.108000
v 0.743158 -0.283757 0.108000
v 0.743158 0.285321 0.107877
v 0.743158 0.290828 0.105071
v 0.743158 0.291847 0.103878
v 0.747158 0.285321 0.107877
v 0.747158 0.288297 0.106910
v 0.747158 0.286847 0.107511
v 0.747158 0.290828 0.105071
v 0.747158 0.289635 0.106091
v 0.743158 0.289635 0.106091
v 0.743158 0.288297 0.106910
v 0.743158 0.286847 0.107511
v 0.747158 0.291847 0.103878
v 0.747158 0.292667 0.102540
v 0.743158 -0.293267 0.101091
v 0.743158 -0.285321 0.107877
v 0.743158 -0.293634 0.099565
v 0.747158 -0.293267 0.101091
v 0.747158 -0.285321 0.107877
v 0.747158 -0.286847 0.107511
v 0.747158 -0.292667 0.102540
v 0.747158 -0.288297 0.106910
v 0.747158 -0.289635 0.106091
v 0.743158 -0.290828 0.105071
v 0.743158 -0.289635 0.106091
v 0.747158 -0.291847 0.103878
v 0.747158 -0.290828 0.105071
v 0.743158 -0.291847 0.103878
v 0.743158 -0.292667 0.102540
v 0.743158 -0.288297 0.106910
v 0.743158 -0.286847 0.107511
v 0.742923 0.295240 0.083000
v 0.746728 0.296476 0.083000
v 0.742635 0.295936 0.083000
v 0.742635 0.295936 0.015500
v 0.742242 0.296578 0.015500
v 0.745478 0.298929 0.015500
v 0.746199 0.297752 0.015500
v 0.746199 0.297752 0.083000
v 0.742242 0.296578 0.083000
v 0.745478 0.298929 0.083000
v 0.741752 0.297151 0.083000
v 0.744581 0.299979 0.083000
v 0.744581 0.299979 0.015500
v 0.741752 0.297151 0.015500
v 0.702138 0.342423 0.083000
v 0.702138 0.342423 0.015500
v 0.699309 0.339594 0.015500
v 0.699309 0.339594 0.083000
v 0.698737 0.340083 0.015500
v 0.701088 0.343319 0.015500
v 0.699910 0.344041 0.015500
v 0.701088 0.343319 0.083000
v 0.698737 0.340083 0.083000
v 0.698094 0.340477 0.083000
v 0.699910 0.344041 0.083000
v 0.697399 0.340765 0.083000
v 0.698635 0.344569 0.083000
v 0.698635 0.344569 0.015500
v 0.697292 0.344892 0.015500
v 0.697399 0.340765 0.015500
v 0.698094 0.340477 0.015500
v 0.696666 0.340941 0.015500
v 0.696666 0.340941 0.083000
v 0.695915 0.341000 0.015500
v 0.695915 0.345000 0.015500
v 0.697292 0.344892 0.083000
v 0.695915 0.345000 0.083000
v 0.592658 0.345000 0.015500
v 0.592658 0.341000 0.015500
v 0.592658 0.345000 0.108000
v 0.592658 0.341000 0.108000
v 0.685915 0.345000 0.108000
v 0.685915 0.341000 0.108000
v 0.689005 0.341000 0.107511
v 0.690455 0.341000 0.106910
v 0.687480 0.341000 0.107877
v 0.687480 0.345000 0.107877
v 0.689005 0.345000 0.107511
v 0.695426 0.345000 0.101091
v 0.694825 0.345000 0.102540
v 0.695915 0.345000 0.098000
v 0.695792 0.345000 0.099565
v 0.690455 0.345000 0.106910
v 0.691793 0.345000 0.106091
v 0.692986 0.345000 0.105071
v 0.694005 0.345000 0.103878
v 0.694005 0.341000 0.103878
v 0.694825 0.341000 0.102540
v 0.695426 0.341000 0.101091
v 0.695792 0.341000 0.099565
v 0.695915 0.341000 0.098000
v 0.695915 0.341000 0.083000
v 0.692986 0.341000 0.105071
v 0.691793 0.341000 0.106091
vn -0.0000 -0.0000 -1.0000
vn -0.7071 0.7071 -0.0000
vn -0.0000 -0.0000 1.0000
vn -0.0000 -0.9724 0.2334
vn 0.9969 -0.0784 -0.0000
vn -0.0000 0.9239 0.3827
vn 0.9724 -0.2335 -0.0000
vn 0.9239 -0.3827 -0.0000
vn -0.7603 0.6495 -0.0000
vn -0.8527 0.5225 -0.0000
vn -0.9238 0.3828 -0.0000
vn -0.9724 0.2334 -0.0000
vn -0.9969 0.0785 -0.0000
vn 1.0000 -0.0000 -0.0000
vn 0.6494 -0.7605 -0.0000
vn 0.7071 -0.7071 -0.0000
vn -0.6494 0.7604 -0.0000
vn -0.5225 0.8526 -0.0000
vn -0.3827 0.9239 -0.0000
vn -0.2333 0.9724 -0.0000
vn -0.2334 0.9724 -0.0000
vn -1.0000 -0.0000 -0.0000
vn -0.0785 0.9969 -0.0000
vn 0.0785 -0.9969 -0.0000
vn 0.9969 -0.0000 0.0786
vn 0.3827 -0.0000 0.9239
vn 0.8526 -0.0000 0.5225
vn 0.7604 -0.0000 0.6494
vn 0.6494 -0.0000 0.7604
vn 0.0785 -0.0000 0.9969
vn 0.5225 -0.0000 0.8527
vn 0.2335 -0.0000 0.9724
vn 0.9724 -0.0000 0.2335
vn 0.9239 -0.0000 0.3827
vn -0.0000 -1.0000 -0.0000
vn 0.7071 0.7071 -0.0000
vn 0.3827 -0.9239 -0.0000
vn 0.5225 -0.8526 -0.0000
vn 0.8526 -0.5225 -0.0000
vn -0.0000 1.0000 -0.0000
vn -0.0000 0.8526 0.5225
vn -0.0000 0.0785 0.9969
vn -0.0000 0.3827 0.9239
vn -0.0000 0.7604 0.6494
vn -0.0000 0.9724 0.2334
vn -0.0000 0.6495 0.7604
vn -0.0000 0.5225 0.8527
vn -0.0000 0.9969 0.0785
vn -0.0000 0.2335 0.9724
vn -0.0000 -0.9239 0.3827
vn -0.0000 -0.0785 0.9969
vn -0.0000 -0.3827 0.9239
vn -0.0000 -0.2334 0.9724
vn -0.0000 -0.9969 0.0785
vn -0.0000 -0.5225 0.8526
vn -0.0000 -0.6495 0.7604
vn -0.0000 -0.8526 0.5225
vn -0.0000 -0.7604 0.6495
vn 0.7604 0.6494 -0.0000
vn 0.7604 -0.6494 -0.0000
vn -0.9969 -0.0785 -0.0000
vn 0.8526 0.5226 -0.0000
vn -0.9724 -0.2334 -0.0000
vn 0.5225 0.8526 -0.0000
vn 0.0785 0.9969 -0.0000
vn -0.3827 -0.9239 0.0052
vn -0.7604 -0.6495 -0.0000
vn 0.6494 0.7604 -0.0000
vn 0.2334 0.9724 -0.0000
vn -0.8527 -0.5225 -0.0000
vn 0.3827 0.9239 -0.0000
vn -0.9239 -0.3826 -0.0000
vn 0.9239 0.3826 -0.0000
vn 0.9724 0.2334 -0.0000
vn 0.9969 0.0784 -0.0000
vn 0.2334 -0.9724 -0.0000
vn -1.0000 -0.0002 -0.0000
vn 1.0000 -0.0001 -0.0000
vn 0.9969 -0.0785 -0.0000
vn 0.9724 -0.2334 -0.0000
vn 0.9239 -0.3826 -0.0000
vn -0.7604 0.6495 -0.0000
vn -0.9239 0.3826 -0.0000
vn -0.9969 0.0784 -0.0000
vn -0.0000 -1.0000 0.0006
vn -0.0000 -1.0000 -0.0002
vn 0.8526 -0.5226 -0.0000
vn -0.0000 0.8527 0.5225
vn -0.0000 0.9724 0.2335
vn -0.0000 0.2334 0.9724
vn -0.0000 -0.2335 0.9724
vn -0.0000 -0.9969 0.0784
vn -0.0000 -0.5225 0.8527
vn -0.0000 -0.6494 0.7604
vn -0.0000 -0.8527 0.5225
vn -0.0000 -0.7604 0.6494
vn -0.9969 -0.0784 -0.0000
vn 0.8526 0.5225 -0.0000
vn -0.0000 1.0000 -0.0002
vn -0.0000 1.0000 -0.0001
vn -0.0000 1.0000 0.0001
vn -0.6494 -0.7604 -0.0017
vn -0.7071 -0.7071 -0.0000
vn -0.5225 -0.8526 0.0017
vn -0.6494 -0.7604 -0.0000
vn -0.0785 -0.9969 -0.0052
vn -0.2334 -0.9724 -0.0017
vn -0.0785 -0.9969 -0.0000
vn -0.2335 -0.9724 0.0017
vn -0.3827 -0.9239 -0.0000
vn -0.5225 -0.8526 -0.0000
vn -0.7603 -0.6495 -0.0000
vn -0.0000 -1.0000 0.0003
vn -0.0000 -1.0000 0.0002
vn -0.9238 -0.3828 -0.0000
vn 0.9239 0.3827 -0.0000
vn 0.9724 0.2335 -0.0000
vn 0.9969 0.0785 -0.0000
vn -1.0000 -0.0001 -0.0000
vn -1.0000 -0.0006 -0.0000
vn -1.0000 0.0003 -0.0000
vn -1.0000 0.0006 -0.0000
vn -1.0000 0.0001 -0.0000
vn 1.0000 0.0002 -0.0000
vn 1.0000 0.0001 -0.0000
vn 1.0000 0.0006 -0.0000
s 0
usemtl blue
f 883//391 879//391 882//391
f 880//391 1005//391 1008//391
f 919//392 909//392 911//392
f 881//393 885//393 878//393
f 881//393 1002//393 884//393
f 985//394 962//394 988//394
f 893//393 902//393 900//393
f 894//395 877//395 892//395
f 910//391 907//391 908//391
f 984//396 968//396 969//396
f 897//391 898//391 896//391
f 960//393 921//393 926//393
f 892//397 897//397 894//397
f 886//391 894//391 895//391
f 893//398 899//398 897//398
f 892//393 889//393 891//393
f 906//393 904//393 905//393
f 886//391 874//391 876//391
f 904//399 909//399 905//399
f 902//400 907//400 904//400
f 903//401 898//401 902//401
f 903//393 892//393 891//393
f 891//402 896//402 903//402
f 894//391 896//391 895//391
f 898//391 908//391 907//391
f 889//403 895//403 891//403
f 910//391 912//391 909//391
f 909//391 912//391 911//391
f 901//393 902//393 904//393
f 924//391 925//391 923//391
f 932//404 933//404 935//404
f 913//405 915//405 912//405
f 960//393 931//393 932//393
f 920//393 916//393 918//393
f 912//406 906//406 913//406
f 911//407 918//407 919//407
f 914//407 918//407 911//407
f 914//408 920//408 918//408
f 923//409 921//409 920//409
f 916//393 919//393 918//393
f 923//408 920//408 914//408
f 929//391 925//391 927//391
f 915//391 923//391 914//391
f 925//409 921//409 923//409
f 925//410 926//410 921//410
f 928//411 926//411 925//411
f 956//412 958//412 957//412
f 915//391 911//391 912//391
f 930//413 931//413 928//413
f 928//413 931//413 926//413
f 959//414 960//414 932//414
f 948//415 933//415 934//415
f 940//416 953//416 952//416
f 946//417 937//417 936//417
f 936//418 950//418 946//418
f 943//419 951//419 950//419
f 945//420 941//420 944//420
f 942//421 952//421 951//421
f 939//422 954//422 953//422
f 955//393 945//393 944//393
f 934//423 949//423 948//423
f 947//424 938//424 937//424
f 929//391 930//391 928//391
f 952//425 945//425 947//425
f 1017//426 1013//426 1014//426
f 957//391 930//391 959//391
f 917//393 921//393 922//393
f 927//427 917//427 922//427
f 916//428 924//428 915//428
f 900//429 908//429 899//429
f 905//393 913//393 906//393
f 878//430 887//430 964//430
f 969//431 983//431 984//431
f 972//432 961//432 975//432
f 977//433 981//433 982//433
f 970//393 971//393 961//393
f 974//434 978//434 983//434
f 965//435 967//435 966//435
f 973//436 979//436 978//436
f 976//437 980//437 981//437
f 966//438 887//438 965//438
f 982//439 975//439 977//439
f 961//393 971//393 963//393
f 999//440 988//440 991//440
f 989//441 971//441 986//441
f 1001//442 992//442 990//442
f 990//443 986//443 1001//443
f 987//444 890//444 962//444
f 1000//445 993//445 992//445
f 995//446 997//446 993//446
f 991//447 998//447 999//447
f 994//448 996//448 997//448
f 1003//393 1004//393 1002//393
f 1011//393 1004//393 1009//393
f 1007//449 1013//449 1011//449
f 879//391 875//391 882//391
f 1014//391 1006//391 1015//391
f 1013//393 1010//393 1011//393
f 910//450 901//450 906//450
f 875//451 884//451 882//451
f 1011//452 1008//452 1007//452
f 882//453 1002//453 883//453
f 1017//391 1015//391 1018//391
f 1022//391 1031//391 1029//391
f 1030//391 1031//391 1033//391
f 1023//393 1025//393 1024//393
f 1027//393 1037//393 1034//393
f 1026//454 1021//454 1022//454
f 1038//404 1062//404 1063//404
f 1036//455 1037//455 1030//455
f 1021//391 1018//391 1020//391
f 1035//391 1030//391 1033//391
f 1007//391 1005//391 1006//391
f 1050//430 1052//430 1049//430
f 1025//456 1027//456 1035//456
f 1010//457 1015//457 1006//457
f 1046//425 1061//425 1064//425
f 1023//458 1017//458 1021//458
f 1029//459 1037//459 1028//459
f 1032//391 1021//391 1020//391
f 1039//391 1035//391 1040//391
f 1042//412 1039//412 1040//412
f 1049//422 1047//422 1045//422
f 1064//418 1057//418 1056//418
f 1053//423 1060//423 1061//423
f 1050//424 1059//424 1060//424
f 1051//417 1058//417 1059//417
f 1041//393 1044//393 1043//393
f 1056//419 1065//419 1064//419
f 1045//416 1054//416 1049//416
f 1005//460 1010//460 1006//460
f 1026//393 1027//393 1025//393
f 1044//420 1048//420 1043//420
f 1052//415 1061//415 1062//415
f 1055//421 1046//421 1065//421
f 1012//393 1016//393 1019//393
f 1029//461 1026//461 1022//461
f 1037//393 1063//393 1034//393
f 1004//462 883//462 1002//462
f 1019//393 1023//393 1024//393
f 1009//463 880//463 1008//463
f 1003//464 879//464 880//464
f 881//465 874//465 879//465
f 889//425 890//425 888//425
f 922//466 929//466 927//466
f 987//467 999//467 994//467
f 967//468 983//468 977//468
f 883//391 880//391 879//391
f 880//391 883//391 1005//391
f 919//392 905//392 909//392
f 881//393 884//393 885//393
f 881//393 1003//393 1002//393
f 985//394 987//394 962//394
f 893//393 903//393 902//393
f 894//469 876//469 877//469
f 910//391 909//391 907//391
f 984//396 967//396 968//396
f 897//391 899//391 898//391
f 960//393 922//393 921//393
f 892//470 893//470 897//470
f 886//391 876//391 894//391
f 893//471 900//471 899//471
f 892//393 877//393 889//393
f 906//393 901//393 904//393
f 886//391 875//391 874//391
f 904//472 907//472 909//472
f 902//400 898//400 907//400
f 903//473 896//473 898//473
f 903//393 893//393 892//393
f 891//402 895//402 896//402
f 894//391 897//391 896//391
f 898//391 899//391 908//391
f 889//474 886//474 895//474
f 901//393 900//393 902//393
f 924//391 927//391 925//391
f 932//404 931//404 933//404
f 913//405 916//405 915//405
f 960//393 926//393 931//393
f 920//393 917//393 916//393
f 912//406 910//406 906//406
f 916//393 913//393 919//393
f 929//391 928//391 925//391
f 915//391 924//391 923//391
f 956//412 955//412 958//412
f 915//391 914//391 911//391
f 959//414 929//414 960//414
f 948//415 935//415 933//415
f 940//416 939//416 953//416
f 946//417 947//417 937//417
f 936//418 943//418 950//418
f 943//419 942//419 951//419
f 945//420 954//420 941//420
f 942//421 940//421 952//421
f 939//422 941//422 954//422
f 955//393 956//393 945//393
f 934//423 938//423 949//423
f 947//424 949//424 938//424
f 929//391 959//391 930//391
f 953//475 954//475 952//475
f 954//476 945//476 952//476
f 945//425 956//425 932//425
f 956//425 957//425 932//425
f 957//425 959//425 932//425
f 932//425 935//425 945//425
f 935//425 948//425 945//425
f 948//425 949//425 947//425
f 947//425 946//425 952//425
f 946//425 950//425 952//425
f 950//425 951//425 952//425
f 948//425 947//425 945//425
f 1017//426 1016//426 1013//426
f 957//391 958//391 930//391
f 917//393 920//393 921//393
f 927//427 924//427 917//427
f 916//428 917//428 924//428
f 900//477 901//477 908//477
f 905//393 919//393 913//393
f 878//430 885//430 887//430
f 969//478 974//478 983//478
f 972//432 970//432 961//432
f 977//433 976//433 981//433
f 974//434 973//434 978//434
f 965//479 968//479 967//479
f 973//436 980//436 979//436
f 976//437 979//437 980//437
f 966//438 964//438 887//438
f 982//480 972//480 975//480
f 999//440 985//440 988//440
f 989//441 963//441 971//441
f 1001//442 1000//442 992//442
f 990//481 989//481 986//481
f 987//482 888//482 890//482
f 1000//483 995//483 993//483
f 995//484 994//484 997//484
f 991//485 996//485 998//485
f 994//486 998//486 996//486
f 1003//393 1009//393 1004//393
f 1011//393 1010//393 1004//393
f 1007//449 1014//449 1013//449
f 879//391 874//391 875//391
f 1014//391 1007//391 1006//391
f 1013//393 1012//393 1010//393
f 910//450 908//450 901//450
f 875//487 885//487 884//487
f 1011//488 1009//488 1008//488
f 882//453 884//453 1002//453
f 1017//391 1014//391 1015//391
f 1022//391 1032//391 1031//391
f 1030//391 1029//391 1031//391
f 1023//393 1026//393 1025//393
f 1027//393 1028//393 1037//393
f 1026//454 1023//454 1021//454
f 1038//404 1052//404 1062//404
f 1036//455 1038//455 1037//455
f 1021//391 1017//391 1018//391
f 1035//391 1036//391 1030//391
f 1007//391 1008//391 1005//391
f 1038//430 1036//430 1039//430
f 1039//430 1041//430 1038//430
f 1041//430 1043//430 1038//430
f 1043//430 1048//430 1049//430
f 1049//430 1054//430 1057//430
f 1054//430 1055//430 1057//430
f 1055//489 1056//489 1057//489
f 1057//490 1051//490 1050//490
f 1050//491 1053//491 1052//491
f 1052//430 1038//430 1043//430
f 1052//430 1043//430 1049//430
f 1057//430 1050//430 1049//430
f 1020//492 1018//492 1025//492
f 1018//493 1015//493 1019//493
f 1025//494 1018//494 1024//494
f 1015//493 1012//493 1019//493
f 1019//495 1024//495 1018//495
f 1035//496 1033//496 1025//496
f 1033//497 1031//497 1025//497
f 1034//498 1063//498 1035//498
f 1027//499 1034//499 1035//499
f 1031//500 1032//500 1025//500
f 1032//501 1020//501 1025//501
f 1010//502 1012//502 1015//502
f 1046//503 1045//503 1047//503
f 1047//425 1044//425 1062//425
f 1044//425 1042//425 1063//425
f 1042//425 1040//425 1063//425
f 1040//425 1035//425 1063//425
f 1063//425 1062//425 1044//425
f 1062//425 1061//425 1047//425
f 1046//425 1047//425 1061//425
f 1064//476 1065//476 1046//476
f 1059//504 1058//504 1064//504
f 1061//425 1060//425 1064//425
f 1060//425 1059//425 1064//425
f 1023//458 1016//458 1017//458
f 1029//459 1030//459 1037//459
f 1032//391 1022//391 1021//391
f 1039//391 1036//391 1035//391
f 1042//412 1041//412 1039//412
f 1049//422 1048//422 1047//422
f 1064//418 1058//418 1057//418
f 1053//423 1050//423 1060//423
f 1050//424 1051//424 1059//424
f 1051//417 1057//417 1058//417
f 1041//393 1042//393 1044//393
f 1056//419 1055//419 1065//419
f 1045//416 1046//416 1054//416
f 1005//460 1004//460 1010//460
f 1026//393 1028//393 1027//393
f 1044//420 1047//420 1048//420
f 1052//415 1053//415 1061//415
f 1055//421 1054//421 1046//421
f 1012//393 1013//393 1016//393
f 1029//461 1028//461 1026//461
f 1037//393 1038//393 1063//393
f 1004//505 1005//505 883//505
f 1019//393 1016//393 1023//393
f 1009//506 1003//506 880//506
f 1003//507 881//507 879//507
f 881//508 878//508 874//508
f 889//425 877//425 890//425
f 922//466 960//466 929//466
f 965//412 887//412 970//412
f 887//412 885//412 970//412
f 885//412 875//412 970//412
f 875//412 886//412 970//412
f 889//412 888//412 971//412
f 888//509 987//509 986//509
f 886//412 889//412 971//412
f 968//412 965//412 970//412
f 974//510 969//510 968//510
f 980//511 973//511 974//511
f 982//412 981//412 974//412
f 981//412 980//412 974//412
f 970//412 972//412 982//412
f 986//412 971//412 888//412
f 971//412 970//412 886//412
f 1000//412 1001//412 986//412
f 994//412 995//412 1000//412
f 999//412 998//412 994//412
f 987//512 985//512 999//512
f 974//412 968//412 970//412
f 970//412 982//412 974//412
f 994//513 1000//513 987//513
f 1000//412 986//412 987//412
f 877//404 876//404 963//404
f 876//404 874//404 963//404
f 877//404 963//404 890//404
f 878//404 964//404 961//404
f 964//404 966//404 977//404
f 874//404 878//404 961//404
f 962//404 890//404 997//404
f 997//404 890//404 989//404
f 991//404 988//404 962//404
f 997//404 996//404 991//404
f 992//404 993//404 997//404
f 989//514 990//514 992//514
f 961//404 963//404 874//404
f 963//515 989//515 890//515
f 977//515 975//515 961//515
f 979//404 976//404 983//404
f 976//404 977//404 983//404
f 983//404 978//404 979//404
f 967//516 984//516 983//516
f 964//404 977//404 961//404
f 966//404 967//404 977//404
f 997//404 991//404 962//404
f 989//515 992//515 997//515
o 2
v 0.016223 0.343500 1.640000
v 0.016223 0.343500 1.637000
v 0.016836 0.343500 1.636950
v 0.017433 -0.343500 1.636802
v 0.016836 -0.343500 1.636950
v 0.017433 0.343500 1.636802
v 0.017320 0.343500 1.639911
v 0.018388 0.343500 1.639646
v 0.018388 -0.343500 1.639646
v 0.017320 -0.343500 1.639911
v 0.016223 -0.343500 1.640000
v 0.016223 -0.343500 1.637000
v -0.148945 0.343500 1.640000
v -0.148945 0.343500 1.637000
v -0.170145 0.365789 1.640000
v -0.170145 0.365789 1.637000
v -0.148945 -0.343500 1.637000
v -0.170145 -0.365789 1.637000
v -0.170145 -0.365789 1.640000
v -0.148945 -0.343500 1.640000
v 0.019400 -0.343500 1.639212
v 0.020328 -0.343500 1.638621
v 0.017998 -0.343500 1.636560
v 0.019400 0.343500 1.639212
v 0.020328 0.343500 1.638621
v 0.018517 0.343500 1.636229
v 0.017998 0.343500 1.636560
v 0.018517 -0.343500 1.636229
v 0.018976 -0.343500 1.635819
v 0.021149 -0.343500 1.637887
v 0.021841 -0.343500 1.637031
v 0.021149 0.343500 1.637887
v 0.019362 0.343500 1.635341
v 0.018976 0.343500 1.635819
v 0.021841 0.343500 1.637031
v 0.019667 0.343500 1.634806
v 0.022385 0.343500 1.636074
v 0.132425 0.343500 1.392901
v 0.132425 -0.343500 1.392901
v 0.132228 -0.343500 1.393417
v 0.132544 -0.343500 1.392362
v 0.135512 -0.343500 1.392797
v 0.135299 -0.343500 1.393761
v 0.135299 0.343500 1.393761
v 0.134947 -0.343500 1.394685
v 0.019667 -0.343500 1.634806
v 0.019362 -0.343500 1.635341
v 0.022385 -0.343500 1.636074
v 0.132544 0.343500 1.392362
v 0.135512 0.343500 1.392797
v 0.134947 0.343500 1.394685
v 0.132228 0.343500 1.393417
v 0.135584 -0.343500 1.391811
v 0.135584 0.343500 1.391811
v 0.132584 0.343500 1.391811
v 0.132584 0.274631 1.321008
v 0.132584 0.273532 1.325585
v 0.132584 0.343500 0.989720
v 0.132584 0.275000 0.989720
v 0.132584 0.275000 1.316315
v 0.132584 0.271730 1.329935
v 0.132584 0.269270 1.333949
v 0.132584 0.266213 1.337528
v 0.132584 0.262634 1.340585
v 0.132584 0.258620 1.343045
v 0.132584 0.254271 1.344847
v 0.132584 0.249693 1.345946
v 0.132584 0.245000 1.346315
v 0.132584 -0.343500 1.391811
v 0.132584 -0.269270 1.333949
v 0.135584 -0.343500 0.989720
v 0.132584 -0.271730 1.329935
v 0.132584 -0.273532 1.325585
v 0.132584 -0.249693 1.345946
v 0.132584 -0.254270 1.344847
v 0.132584 -0.258620 1.343045
v 0.132584 -0.275000 1.316315
v 0.132584 -0.343500 0.989720
v 0.132584 -0.274631 1.321008
v 0.132584 -0.262634 1.340585
v 0.132584 -0.266213 1.337528
v 0.132584 -0.245000 1.346315
v 0.135584 -0.245000 1.346315
v 0.135584 -0.249693 1.345946
v 0.135584 0.245000 1.346315
v 0.135584 0.249693 1.345946
v 0.135584 0.254271 1.344847
v 0.135584 0.258620 1.343045
v 0.135584 0.262634 1.340585
v 0.135584 0.266213 1.337528
v 0.135584 0.269270 1.333949
v 0.135584 0.271730 1.329935
v 0.135584 0.273532 1.325585
v 0.135584 0.274631 1.321008
v 0.135584 0.275000 1.316315
v 0.135584 0.275000 0.989720
v 0.135584 0.343500 0.989720
v 0.135919 0.343500 0.985249
v 0.132953 0.343500 0.984801
v 0.134050 0.343500 0.979993
v 0.132953 0.275000 0.984801
v 0.135919 0.275000 0.985249
v 0.136917 0.275000 0.980877
v 0.134050 0.275000 0.979993
v 0.138555 0.275000 0.976703
v 0.135852 0.275000 0.975402
v 0.135852 0.343500 0.975402
v 0.138318 0.343500 0.971130
v 0.138555 0.343500 0.976703
v 0.136917 0.343500 0.980877
v 0.140797 0.343500 0.972820
v 0.141394 0.343500 0.967274
v 0.140797 0.275000 0.972820
v 0.143593 0.343500 0.969315
v 0.146880 0.343500 0.966265
v 0.143593 0.275000 0.969315
v 0.145009 0.343500 0.963919
v 0.145009 0.275000 0.963919
v 0.149084 0.343500 0.961141
v 0.141394 0.275000 0.967274
v 0.138318 0.275000 0.971130
v 0.146880 0.275000 0.966265
v 0.150584 0.275000 0.963739
v 0.150584 0.343500 0.963739
v 0.698527 0.343500 0.647384
v 0.700156 0.343115 0.646444
v 0.744596 0.299533 0.620786
v 0.746625 0.275000 0.619615
v 0.702387 0.341836 0.645156
v 0.700925 0.342736 0.646000
v 0.699366 0.343431 0.646900
v 0.697027 0.343500 0.644786
v 0.700214 0.342418 0.642946
v 0.697856 0.343360 0.644308
v 0.700887 0.341836 0.642558
v 0.149084 0.275000 0.961141
v 0.743096 0.299533 0.618188
v 0.743798 0.298699 0.617783
v 0.745297 0.298699 0.620381
v 0.745829 0.297713 0.620075
v 0.746283 0.296681 0.619812
v 0.744365 0.297739 0.617455
v 0.744783 0.296681 0.617214
v 0.745039 0.295556 0.617066
v 0.746539 0.295556 0.619664
v 0.746625 0.294398 0.619615
v 0.745125 0.294398 0.617017
v 0.745125 0.275000 0.617017
v 0.698672 0.343148 0.643836
v 0.699476 0.342884 0.643373
v 0.701714 0.342418 0.645544
v 0.135584 -0.254270 1.344847
v 0.135584 -0.258620 1.343045
v 0.135584 -0.262634 1.340585
v 0.135584 -0.266213 1.337528
v 0.135584 -0.269270 1.333949
v 0.135584 -0.271730 1.329935
v 0.135584 -0.273532 1.325585
v 0.135584 -0.274631 1.321008
v 0.135584 -0.275000 1.316315
v 0.135584 -0.275000 0.989720
v 0.132584 -0.275000 0.989720
v 0.135919 -0.275000 0.985249
v 0.132953 -0.275000 0.984801
v 0.134050 -0.275000 0.979993
v 0.132953 -0.343500 0.984801
v 0.136917 -0.343500 0.980877
v 0.134050 -0.343500 0.979993
v 0.135919 -0.343500 0.985249
v 0.136917 -0.275000 0.980877
v 0.138555 -0.275000 0.976703
v 0.135852 -0.275000 0.975402
v 0.138318 -0.275000 0.971130
v 0.135852 -0.343500 0.975402
v 0.138555 -0.343500 0.976703
v 0.140797 -0.343500 0.972820
v 0.138318 -0.343500 0.971130
v 0.143593 -0.343500 0.969315
v 0.141394 -0.343500 0.967274
v 0.141394 -0.275000 0.967274
v 0.145009 -0.275000 0.963919
v 0.143593 -0.275000 0.969315
v 0.140797 -0.275000 0.972820
v 0.146880 -0.275000 0.966265
v 0.150584 -0.275000 0.963739
v 0.149084 -0.275000 0.961141
v 0.146880 -0.343500 0.966265
v 0.145009 -0.343500 0.963919
v 0.150584 -0.343500 0.963739
v 0.149084 -0.343500 0.961141
v 0.746625 -0.275000 0.619615
v 0.698527 -0.343500 0.647384
v 0.697027 -0.343500 0.644786
v 0.745125 -0.275000 0.617017
v 0.745125 -0.294398 0.617017
v 0.700887 -0.341835 0.642558
v 0.697844 -0.343293 0.644315
v 0.743096 -0.299533 0.618188
v 0.702387 -0.341835 0.645156
v 0.744596 -0.299533 0.620786
v 0.743798 -0.298699 0.617783
v 0.745297 -0.298699 0.620381
v 0.745039 -0.295556 0.617066
v 0.744329 -0.297712 0.617476
v 0.744783 -0.296681 0.617214
v 0.745865 -0.297739 0.620053
v 0.746242 -0.296666 0.619836
v 0.746625 -0.294398 0.619615
v 0.746539 -0.295556 0.619664
v 0.701714 -0.342418 0.645544
v 0.700142 -0.343038 0.646452
v 0.700976 -0.342884 0.645971
v 0.700214 -0.342418 0.642946
v 0.699476 -0.342884 0.643373
v 0.698653 -0.343077 0.643848
v 0.699340 -0.343276 0.646915
vn -0.0000 1.0000 -0.0000
vn 0.2408 -0.0000 0.9706
vn 0.9063 -0.0000 0.4226
vn -0.0000 -1.0000 -0.0000
vn 0.7818 -0.0000 0.6235
vn 0.7246 -0.6892 -0.0000
vn 0.7780 -0.0000 0.6283
vn -1.0000 -0.0000 -0.0000
vn 0.0810 -0.0000 0.9967
vn 0.6662 -0.0000 0.7458
vn 0.3943 -0.0000 0.9190
vn 0.5372 -0.0000 0.8434
vn -0.0000 -1.0000 0.0001
vn 0.8691 -0.0000 0.4946
vn 0.9974 -0.0000 0.0727
vn -0.0000 -0.2335 -0.9724
vn 0.9763 -0.0000 0.2164
vn 0.9346 -0.0000 0.3556
vn -0.0000 1.0000 0.0001
vn -0.0000 0.2335 -0.9724
vn -0.0000 -0.0000 -1.0000
vn -0.0000 -0.5225 -0.8526
vn -0.0000 -0.6494 -0.7604
vn -0.0000 -0.7604 -0.6495
vn -0.0000 -0.0785 -0.9969
vn -0.0000 -0.8526 -0.5225
vn -0.0000 -0.9724 -0.2334
vn -0.0000 -0.3827 -0.9239
vn -0.0000 -0.9969 -0.0785
vn -0.0000 -0.9239 -0.3827
vn 1.0000 -0.0000 -0.0000
vn 0.4154 -0.8775 -0.2398
vn 0.9972 -0.0000 0.0747
vn 0.9309 -0.0000 0.3653
vn 0.5633 -0.0000 0.8262
vn 0.8660 -0.0000 0.5000
vn 0.9749 -0.0000 0.2225
vn 0.6802 -0.0000 0.7331
vn 0.5001 -0.0003 0.8660
vn 0.2711 0.9449 -0.1836
vn 0.5195 0.8001 -0.2999
vn 0.0500 0.9972 -0.0562
vn 0.8376 0.2540 -0.4836
vn 0.5677 0.7552 -0.3277
vn 0.7354 0.5282 -0.4245
vn 0.7719 0.4534 -0.4457
vn 0.6215 0.6964 -0.3588
vn 0.8629 0.0854 -0.4982
vn 0.2629 0.9605 -0.0910
vn 0.4412 0.8762 -0.1940
vn 0.8660 -0.0000 -0.5000
vn -0.0000 0.6494 -0.7604
vn -0.0000 0.9239 -0.3827
vn -0.0000 0.0785 -0.9969
vn -0.0000 0.7604 -0.6495
vn -0.0000 0.9724 -0.2335
vn -0.0000 0.5225 -0.8526
vn -0.0000 0.9969 -0.0785
vn -0.0000 0.3827 -0.9239
vn -0.0000 0.8526 -0.5225
vn 0.2018 -0.9742 -0.1008
vn 0.8275 -0.2951 -0.4777
vn 0.5677 -0.7552 -0.3277
vn 0.8629 -0.0854 -0.4982
vn 0.6215 -0.6964 -0.3588
vn 0.7354 -0.5281 -0.4246
vn 0.5000 -0.0000 0.8660
vn 0.1884 -0.9768 -0.1019
vn 0.5195 -0.8001 -0.2999
vn 0.1726 -0.9799 -0.0996
vn 0.7799 -0.4534 -0.4315
vn 0.7246 0.6892 -0.0000
vn -0.0000 -0.0000 1.0000
vn 0.6664 -0.0000 0.7456
vn 0.3938 -0.0000 0.9192
vn 0.5375 -0.0000 0.8433
vn -0.0000 -1.0000 -0.0001
vn -0.0000 1.0000 -0.0001
vn -0.0000 -0.7604 -0.6494
vn -0.0000 -0.9724 -0.2335
vn 0.4155 -0.8774 -0.2398
vn 0.6802 -0.0000 0.7330
vn 0.5001 0.0005 0.8660
vn 0.4999 -0.0002 0.8661
vn 0.5004 0.0001 0.8658
vn 0.5001 0.0001 0.8660
vn 0.4993 -0.0001 0.8664
vn 0.5002 -0.0000 0.8659
vn 0.4999 -0.0000 0.8661
vn 0.1961 0.9756 -0.0993
vn 0.1252 0.9895 -0.0724
vn 0.8376 0.2541 -0.4836
vn 0.7234 0.5638 -0.3985
vn 0.7960 0.4150 -0.4406
vn 0.8629 0.0855 -0.4982
vn 0.3461 0.9197 -0.1854
vn 0.2856 0.9441 -0.1649
vn -0.0000 0.7604 -0.6494
vn -0.0000 0.9724 -0.2334
vn -0.0000 0.8527 -0.5225
vn 0.2182 -0.9686 -0.1191
vn 0.8458 -0.2540 -0.4692
vn 0.8629 -0.0855 -0.4982
vn 0.6216 -0.6964 -0.3588
vn 0.7068 -0.5639 -0.4272
vn 0.5002 0.0002 0.8659
vn 0.5001 0.0002 0.8660
vn 0.5001 -0.0002 0.8660
vn 0.4999 -0.0001 0.8661
vn 0.2011 -0.9727 -0.1161
vn 0.1437 -0.9873 -0.0673
vn 0.7943 -0.3758 -0.4774
s 0
usemtl blue
f 1073//517 1092//517 1071//517
f 1075//518 1073//518 1072//518
f 1113//519 1116//519 1102//519
f 1075//520 1077//520 1070//520
f 1179//521 1178//521 1181//521
f 1085//522 1083//522 1082//522
f 1079//517 1066//517 1067//517
f 1100//523 1095//523 1096//523
f 1085//520 1077//520 1076//520
f 1081//524 1084//524 1080//524
f 1066//525 1075//525 1072//525
f 1074//520 1070//520 1069//520
f 1095//520 1093//520 1094//520
f 1097//517 1098//517 1099//517
f 1073//517 1068//517 1072//517
f 1088//520 1074//520 1069//520
f 1097//526 1087//526 1095//526
f 1096//520 1111//520 1113//520
f 1089//527 1074//527 1086//527
f 1100//517 1101//517 1098//517
f 1072//517 1067//517 1066//517
f 1092//517 1090//517 1091//517
f 1090//528 1086//528 1087//528
f 1106//529 1134//529 1107//529
f 1112//520 1095//520 1094//520
f 1110//520 1111//520 1105//520
f 1087//520 1088//520 1093//520
f 1113//530 1100//530 1096//530
f 1109//517 1114//517 1103//517
f 1107//531 1119//531 1115//531
f 1152//532 1132//532 1131//532
f 1102//517 1117//517 1101//517
f 1115//533 1108//533 1107//533
f 1109//534 1110//534 1108//534
f 1117//517 1109//517 1103//517
f 1161//520 1166//520 1167//520
f 1091//517 1097//517 1099//517
f 1115//535 1120//535 1114//535
f 1140//536 1149//536 1217//536
f 1147//537 1133//537 1148//537
f 1148//537 1133//537 1150//537
f 1154//538 1130//538 1129//538
f 1155//539 1129//539 1128//539
f 1156//540 1128//540 1127//540
f 1151//541 1133//541 1132//541
f 1157//542 1127//542 1126//542
f 1159//543 1122//543 1121//543
f 1153//544 1131//544 1130//544
f 1160//545 1121//545 1125//545
f 1158//546 1126//546 1122//546
f 1119//547 1118//547 1150//547
f 1279//548 1275//548 1277//548
f 1177//517 1180//517 1182//517
f 1172//517 1175//517 1174//517
f 1170//520 1186//520 1178//520
f 1186//520 1181//520 1178//520
f 1185//520 1187//520 1181//520
f 1165//517 1163//517 1175//517
f 1164//517 1162//517 1163//517
f 1173//517 1174//517 1176//517
f 1163//549 1161//549 1167//549
f 1174//550 1168//550 1170//550
f 1180//551 1188//551 1189//551
f 1189//517 1182//517 1180//517
f 1176//552 1170//552 1178//552
f 1175//553 1167//553 1168//553
f 1179//517 1173//517 1176//517
f 1162//517 1120//517 1119//517
f 1168//520 1171//520 1170//520
f 1169//520 1167//520 1166//520
f 1124//520 1160//520 1125//520
f 1180//554 1181//554 1187//554
f 1188//520 1213//520 1193//520
f 1195//555 1191//555 1190//555
f 1191//556 1199//556 1196//556
f 1216//557 1200//557 1198//557
f 1199//558 1190//558 1196//558
f 1208//559 1210//559 1209//559
f 1200//560 1192//560 1202//560
f 1205//561 1203//561 1204//561
f 1208//562 1205//562 1206//562
f 1202//563 1204//563 1203//563
f 1211//564 1209//564 1210//564
f 1214//565 1195//565 1215//565
f 1195//566 1198//566 1215//566
f 1184//517 1190//517 1197//517
f 1213//567 1211//567 1193//567
f 1183//520 1188//520 1187//520
f 1145//568 1220//568 1146//568
f 1137//569 1223//569 1138//569
f 1139//570 1148//570 1149//570
f 1146//571 1221//571 1135//571
f 1138//572 1224//572 1144//572
f 1141//573 1219//573 1145//573
f 1144//574 1225//574 1142//574
f 1140//575 1218//575 1141//575
f 1225//517 1226//517 1142//517
f 1232//520 1239//520 1240//520
f 1142//517 1226//517 1227//517
f 1238//517 1236//517 1248//517
f 1249//517 1245//517 1247//517
f 1253//520 1254//520 1252//520
f 1242//520 1240//520 1239//520
f 1250//551 1252//551 1254//551
f 1228//549 1136//549 1234//549
f 1229//517 1226//517 1228//517
f 1238//517 1247//517 1245//517
f 1230//517 1228//517 1235//517
f 1244//520 1252//520 1243//520
f 1234//520 1233//520 1232//520
f 1237//517 1235//517 1236//517
f 1246//517 1250//517 1251//517
f 1235//553 1234//553 1232//553
f 1249//554 1243//554 1252//554
f 1236//550 1232//550 1240//550
f 1248//552 1240//552 1241//552
f 1135//576 1222//576 1137//576
f 1136//520 1231//520 1234//520
f 1242//520 1243//520 1241//520
f 1276//577 1262//577 1280//577
f 1257//520 1255//520 1258//520
f 1272//578 1268//578 1274//578
f 1265//579 1261//579 1263//579
f 1274//580 1260//580 1273//580
f 1267//581 1263//581 1266//581
f 1259//567 1273//567 1260//567
f 1269//582 1267//582 1266//582
f 1272//583 1273//583 1265//583
f 1281//584 1258//584 1262//584
f 1275//585 1261//585 1264//585
f 1277//586 1280//586 1279//586
f 1259//517 1251//517 1256//517
f 1256//517 1251//517 1250//517
f 1143//520 1118//520 1134//520
f 1247//521 1241//521 1243//521
f 1272//587 1269//587 1270//587
f 1079//588 1080//588 1078//588
f 1085//589 1078//589 1084//589
f 1073//517 1089//517 1092//517
f 1075//518 1074//518 1073//518
f 1113//519 1110//519 1116//519
f 1075//520 1076//520 1077//520
f 1179//521 1176//521 1178//521
f 1085//522 1084//522 1083//522
f 1079//517 1078//517 1066//517
f 1100//523 1097//523 1095//523
f 1085//520 1082//520 1077//520
f 1081//524 1083//524 1084//524
f 1066//525 1076//525 1075//525
f 1074//520 1075//520 1070//520
f 1095//520 1087//520 1093//520
f 1097//517 1100//517 1098//517
f 1073//517 1071//517 1068//517
f 1088//520 1086//520 1074//520
f 1097//590 1090//590 1087//590
f 1096//520 1112//520 1111//520
f 1089//591 1073//591 1074//591
f 1100//517 1102//517 1101//517
f 1072//517 1068//517 1067//517
f 1092//517 1089//517 1090//517
f 1090//592 1089//592 1086//592
f 1134//593 1118//593 1107//593
f 1107//520 1108//520 1106//520
f 1108//520 1110//520 1104//520
f 1106//520 1108//520 1104//520
f 1110//520 1105//520 1104//520
f 1112//520 1096//520 1095//520
f 1110//520 1113//520 1111//520
f 1087//520 1086//520 1088//520
f 1113//530 1102//530 1100//530
f 1109//517 1115//517 1114//517
f 1107//531 1118//531 1119//531
f 1152//532 1151//532 1132//532
f 1102//517 1116//517 1117//517
f 1115//533 1109//533 1108//533
f 1109//534 1116//534 1110//534
f 1117//517 1116//517 1109//517
f 1161//520 1124//520 1166//520
f 1091//517 1090//517 1097//517
f 1115//594 1119//594 1120//594
f 1140//536 1139//536 1149//536
f 1154//538 1153//538 1130//538
f 1155//539 1154//539 1129//539
f 1156//595 1155//595 1128//595
f 1151//541 1150//541 1133//541
f 1157//542 1156//542 1127//542
f 1159//596 1158//596 1122//596
f 1153//544 1152//544 1131//544
f 1160//545 1159//545 1121//545
f 1158//546 1157//546 1126//546
f 1160//547 1161//547 1162//547
f 1118//547 1136//547 1225//547
f 1136//547 1226//547 1225//547
f 1160//547 1162//547 1119//547
f 1159//547 1160//547 1119//547
f 1118//547 1225//547 1224//547
f 1118//547 1224//547 1223//547
f 1158//547 1159//547 1119//547
f 1157//547 1158//547 1119//547
f 1118//547 1223//547 1222//547
f 1118//547 1222//547 1221//547
f 1156//547 1157//547 1119//547
f 1155//547 1156//547 1119//547
f 1118//547 1221//547 1220//547
f 1118//547 1220//547 1219//547
f 1154//547 1155//547 1119//547
f 1153//547 1154//547 1119//547
f 1118//547 1219//547 1218//547
f 1118//547 1218//547 1217//547
f 1152//547 1153//547 1119//547
f 1151//547 1152//547 1119//547
f 1118//547 1217//547 1149//547
f 1118//547 1149//547 1148//547
f 1150//547 1151//547 1119//547
f 1118//547 1148//547 1150//547
f 1279//597 1278//597 1275//597
f 1177//517 1179//517 1180//517
f 1172//517 1165//517 1175//517
f 1170//520 1171//520 1186//520
f 1186//520 1185//520 1181//520
f 1185//520 1183//520 1187//520
f 1165//517 1164//517 1163//517
f 1164//517 1123//517 1162//517
f 1173//517 1172//517 1174//517
f 1163//549 1162//549 1161//549
f 1174//550 1175//550 1168//550
f 1180//551 1187//551 1188//551
f 1189//517 1184//517 1182//517
f 1176//552 1174//552 1170//552
f 1175//553 1163//553 1167//553
f 1179//517 1177//517 1173//517
f 1162//517 1123//517 1120//517
f 1168//520 1169//520 1171//520
f 1169//520 1168//520 1167//520
f 1124//520 1161//520 1160//520
f 1180//598 1179//598 1181//598
f 1188//520 1201//520 1213//520
f 1196//599 1190//599 1191//599
f 1190//583 1189//583 1188//583
f 1195//600 1190//600 1194//600
f 1188//583 1193//583 1190//583
f 1190//583 1193//583 1194//583
f 1193//583 1211//583 1192//583
f 1211//601 1210//601 1205//601
f 1192//602 1211//602 1205//602
f 1210//603 1206//603 1205//603
f 1205//604 1204//604 1192//604
f 1192//583 1194//583 1193//583
f 1194//605 1216//605 1195//605
f 1191//606 1214//606 1199//606
f 1216//557 1194//557 1200//557
f 1199//607 1197//607 1190//607
f 1208//608 1206//608 1210//608
f 1200//560 1194//560 1192//560
f 1205//609 1207//609 1203//609
f 1208//610 1207//610 1205//610
f 1202//563 1192//563 1204//563
f 1211//611 1212//611 1209//611
f 1214//612 1191//612 1195//612
f 1195//613 1216//613 1198//613
f 1184//517 1189//517 1190//517
f 1213//567 1212//567 1211//567
f 1183//520 1201//520 1188//520
f 1145//568 1219//568 1220//568
f 1137//569 1222//569 1223//569
f 1139//570 1147//570 1148//570
f 1146//614 1220//614 1221//614
f 1138//615 1223//615 1224//615
f 1141//573 1218//573 1219//573
f 1144//574 1224//574 1225//574
f 1140//575 1217//575 1218//575
f 1232//520 1233//520 1239//520
f 1238//517 1237//517 1236//517
f 1249//517 1246//517 1245//517
f 1253//520 1255//520 1254//520
f 1242//520 1241//520 1240//520
f 1250//551 1249//551 1252//551
f 1228//549 1226//549 1136//549
f 1229//517 1227//517 1226//517
f 1238//517 1248//517 1247//517
f 1230//517 1229//517 1228//517
f 1244//520 1253//520 1252//520
f 1234//520 1231//520 1233//520
f 1237//517 1230//517 1235//517
f 1246//517 1249//517 1250//517
f 1235//553 1228//553 1234//553
f 1249//598 1247//598 1243//598
f 1236//550 1235//550 1232//550
f 1248//552 1236//552 1240//552
f 1135//616 1221//616 1222//616
f 1136//520 1143//520 1231//520
f 1242//520 1244//520 1243//520
f 1276//617 1281//617 1262//617
f 1257//520 1254//520 1255//520
f 1272//618 1270//618 1268//618
f 1265//579 1264//579 1261//579
f 1274//619 1268//619 1260//619
f 1267//620 1265//620 1263//620
f 1259//567 1256//567 1273//567
f 1269//621 1271//621 1267//621
f 1276//622 1277//622 1275//622
f 1275//623 1264//623 1276//623
f 1264//583 1265//583 1256//583
f 1265//624 1267//624 1272//624
f 1267//555 1271//555 1272//555
f 1272//625 1274//625 1273//625
f 1273//583 1256//583 1265//583
f 1256//583 1250//583 1257//583
f 1250//583 1254//583 1257//583
f 1256//583 1257//583 1264//583
f 1257//605 1281//605 1264//605
f 1281//622 1276//622 1264//622
f 1281//626 1257//626 1258//626
f 1275//585 1278//585 1261//585
f 1277//627 1276//627 1280//627
f 1143//520 1136//520 1118//520
f 1247//521 1248//521 1241//521
f 1272//628 1271//628 1269//628
f 1079//588 1081//588 1080//588
f 1085//589 1076//589 1066//589
f 1078//589 1080//589 1084//589
f 1085//589 1066//589 1078//589
o 3
v 0.149084 -0.274000 0.961141
v 0.150584 -0.274000 0.963739
v 0.150584 0.274000 0.963739
v 0.146880 -0.274000 0.966265
v 0.145009 -0.274000 0.963919
v 0.141394 -0.274000 0.967274
v 0.149084 0.274000 0.961141
v 0.145009 0.274000 0.963919
v 0.146880 0.274000 0.966265
v 0.143593 0.274000 0.969315
v 0.141394 0.274000 0.967274
v 0.140797 0.274000 0.972820
v 0.138318 0.274000 0.971130
v 0.138318 -0.274000 0.971130
v 0.135852 -0.274000 0.975402
v 0.140797 -0.274000 0.972820
v 0.143593 -0.274000 0.969315
v 0.138555 -0.274000 0.976703
v 0.138555 0.274000 0.976703
v 0.136917 -0.274000 0.980877
v 0.134050 -0.274000 0.979993
v 0.132953 -0.274000 0.984801
v 0.134050 0.274000 0.979993
v 0.135852 0.274000 0.975402
v 0.136917 0.274000 0.980877
v 0.135919 0.274000 0.985249
v 0.135919 -0.274000 0.985249
v 0.135584 -0.274000 0.989720
v 0.132584 -0.274000 0.989720
v 0.135584 -0.274000 1.315725
v 0.132584 0.274000 0.989720
v 0.132584 -0.274000 1.315725
v 0.132953 0.274000 0.984801
v 0.135584 0.274000 0.989720
v 0.135584 0.274000 1.315725
v 0.132584 0.274000 1.315725
v 0.132584 0.249115 1.344862
v 0.132584 0.244500 1.345225
v 0.132584 0.253616 1.343781
v 0.132584 0.257893 1.342010
v 0.132584 0.261840 1.339591
v 0.132584 0.265360 1.336585
v 0.132584 0.268366 1.333065
v 0.132584 0.270785 1.329118
v 0.132584 0.272556 1.324841
v 0.132584 0.273637 1.320340
v 0.135584 0.273637 1.320340
v 0.135584 0.272556 1.324841
v 0.135584 0.270785 1.329118
v 0.135584 0.268366 1.333065
v 0.135584 0.265360 1.336585
v 0.135584 0.261840 1.339591
v 0.135584 0.257893 1.342010
v 0.135584 0.253616 1.343781
v 0.135584 0.249115 1.344862
v 0.135584 0.244500 1.345225
v 0.135584 -0.244500 1.345225
v 0.132584 -0.244500 1.345225
v 0.132584 -0.249115 1.344862
v 0.135584 -0.249115 1.344862
v 0.132584 -0.253616 1.343781
v 0.132584 -0.257893 1.342010
v 0.135584 -0.253616 1.343781
v 0.135584 -0.257893 1.342010
v 0.135584 -0.261840 1.339591
v 0.132584 -0.261840 1.339591
v 0.132584 -0.265360 1.336585
v 0.132584 -0.268366 1.333065
v 0.135584 -0.265360 1.336585
v 0.135584 -0.268366 1.333065
v 0.135584 -0.270785 1.329118
v 0.132584 -0.270785 1.329118
v 0.132584 -0.272556 1.324841
v 0.135584 -0.272556 1.324841
v 0.132584 -0.273637 1.320340
v 0.135584 -0.273637 1.320340
v 0.742244 0.274000 0.618680
v 0.742244 -0.274000 0.618680
v 0.742713 0.274000 0.618360
v 0.742713 -0.274000 0.618360
v 0.743129 -0.274000 0.617974
v 0.745328 -0.274000 0.620015
v 0.744583 -0.274000 0.620706
v 0.743744 -0.274000 0.621278
v 0.744583 0.274000 0.620706
v 0.743744 0.274000 0.621278
v 0.743129 0.274000 0.617974
v 0.745328 0.274000 0.620015
v 0.743483 0.274000 0.617530
v 0.745962 0.274000 0.619220
v 0.745962 -0.274000 0.619220
v 0.746470 -0.274000 0.618340
v 0.743483 -0.274000 0.617530
v 0.743767 -0.274000 0.617038
v 0.743767 0.274000 0.617038
v 0.743975 -0.274000 0.616510
v 0.746842 -0.274000 0.617394
v 0.746470 0.274000 0.618340
v 0.747068 -0.274000 0.616403
v 0.746842 0.274000 0.617394
v 0.743975 0.274000 0.616510
v 0.744101 0.274000 0.615956
v 0.747068 0.274000 0.616403
v 0.744144 0.274000 0.615389
v 0.747144 0.274000 0.615389
v 0.747144 -0.274000 0.615389
v 0.744144 -0.274000 0.615389
v 0.744101 -0.274000 0.615956
v 0.747144 -0.274000 0.595583
v 0.744144 -0.274000 0.595583
v 0.747144 -0.273637 0.590969
v 0.747144 -0.272556 0.586467
v 0.747144 -0.244500 0.566083
v 0.747144 -0.253616 0.567527
v 0.747144 -0.249115 0.566447
v 0.747144 -0.265360 0.574724
v 0.747144 -0.261840 0.571717
v 0.747144 -0.257893 0.569299
v 0.747144 -0.270785 0.582191
v 0.747144 -0.268366 0.578244
v 0.744144 -0.244500 0.566083
v 0.744144 -0.273637 0.590969
v 0.744144 -0.253616 0.567527
v 0.744144 -0.257893 0.569299
v 0.744144 -0.249115 0.566447
v 0.744144 -0.261840 0.571717
v 0.744144 -0.265360 0.574724
v 0.744144 -0.268366 0.578244
v 0.744144 -0.270785 0.582191
v 0.744144 -0.272556 0.586467
v 0.747144 0.270785 0.582191
v 0.747144 0.272556 0.586467
v 0.747144 0.253616 0.567527
v 0.747144 0.257893 0.569299
v 0.747144 0.261840 0.571717
v 0.747144 0.273637 0.590969
v 0.747144 0.274000 0.595583
v 0.747144 0.249115 0.566447
v 0.747144 0.265360 0.574724
v 0.747144 0.268366 0.578244
v 0.747144 0.244500 0.566083
v 0.744144 0.244500 0.566083
v 0.744144 0.249115 0.566447
v 0.744144 0.253616 0.567527
v 0.744144 0.257893 0.569299
v 0.744144 0.261840 0.571717
v 0.744144 0.265360 0.574724
v 0.744144 0.268366 0.578244
v 0.744144 0.270785 0.582191
v 0.744144 0.272556 0.586467
v 0.744144 0.273637 0.590969
v 0.744144 0.274000 0.595583
vn -0.0000 -1.0000 -0.0000
vn -0.0000 1.0000 -0.0000
vn 0.9972 -0.0000 0.0747
vn 0.6802 -0.0000 0.7331
vn 0.5633 -0.0000 0.8262
vn 0.7818 -0.0000 0.6235
vn 0.8660 -0.0000 0.5000
vn 0.9309 -0.0000 0.3653
vn 0.9749 -0.0000 0.2225
vn -0.0000 0.2334 0.9724
vn -0.0000 0.7604 0.6494
vn -0.0000 0.8526 0.5225
vn -0.0000 0.9724 0.2335
vn -0.0000 0.0785 0.9969
vn -0.0000 0.3827 0.9239
vn -0.0000 0.9239 0.3827
vn -0.0000 0.6494 0.7604
vn -0.0000 0.9969 0.0785
vn -0.0000 -0.0000 1.0000
vn -0.0000 -0.7604 0.6494
vn -0.0000 -0.0785 0.9969
vn -0.0000 -0.6494 0.7604
vn -0.0000 0.5225 0.8526
vn -0.0000 -0.2334 0.9724
vn -0.0000 -0.9969 0.0785
vn -0.0000 -0.3827 0.9239
vn -0.0000 -0.8526 0.5225
vn -0.0000 -0.9239 0.3827
vn -0.0000 -0.5225 0.8526
vn 0.5000 -0.0000 0.8660
vn 0.9972 -0.0000 0.0746
vn 0.9749 -0.0000 0.2226
vn -0.0000 -1.0000 0.0001
vn 0.5633 -0.0000 0.8263
vn 0.6802 -0.0000 0.7330
vn -0.0000 -0.9239 -0.3827
vn -0.0000 -0.9724 -0.2335
vn -0.0000 -0.6495 -0.7604
vn -0.0000 -0.9969 -0.0785
vn -0.0000 -0.8526 -0.5225
vn -0.0000 -0.7604 -0.6495
vn -0.0000 -0.0785 -0.9969
vn -0.0000 -0.0000 -1.0000
vn -0.0000 -0.3827 -0.9239
vn -0.0000 -0.2334 -0.9724
vn -0.0000 0.3827 -0.9239
vn -0.0000 0.9724 -0.2335
vn -0.0000 0.9969 -0.0785
vn -0.0000 0.2334 -0.9724
vn -0.0000 0.5225 -0.8526
vn -0.0000 0.6495 -0.7604
vn -0.0000 0.7604 -0.6495
vn -0.0000 0.9239 -0.3827
vn -0.0000 0.0785 -0.9969
vn -0.0000 0.8526 -0.5225
vn 1.0000 -0.0000 -0.0000
vn -0.0000 -0.5225 -0.8526
vn -0.0000 -0.9724 0.2335
vn -0.0000 0.9969 0.0784
vn -0.0000 -0.7604 0.6495
vn -0.0000 1.0000 0.0001
vn 0.8661 -0.0000 0.4999
vn -0.0000 0.5225 -0.8527
vn 1.0000 -0.0001 -0.0000
vn -0.0000 -0.5225 -0.8527
s 0
usemtl blue
f 1308//629 1302//629 1301//629
f 1310//629 1311//629 1313//629
f 1309//629 1303//629 1308//629
f 1305//630 1306//630 1300//630
f 1307//631 1309//631 1308//631
f 1284//630 1289//630 1290//630
f 1286//629 1283//629 1285//629
f 1299//629 1295//629 1297//629
f 1290//632 1298//632 1285//632
f 1284//633 1285//633 1283//633
f 1291//634 1297//634 1298//634
f 1294//630 1300//630 1293//630
f 1293//635 1299//635 1297//635
f 1301//629 1296//629 1299//629
f 1314//630 1315//630 1307//630
f 1304//630 1307//630 1306//630
f 1294//630 1291//630 1292//630
f 1300//636 1301//636 1299//636
f 1295//629 1298//629 1297//629
f 1307//637 1301//637 1306//637
f 1292//630 1290//630 1289//630
f 1316//630 1315//630 1317//630
f 1317//630 1315//630 1312//630
f 1320//638 1336//638 1335//638
f 1324//639 1332//639 1331//639
f 1325//640 1331//640 1330//640
f 1329//641 1327//641 1326//641
f 1318//642 1337//642 1336//642
f 1321//643 1335//643 1334//643
f 1326//644 1330//644 1329//644
f 1323//645 1333//645 1332//645
f 1317//646 1328//646 1316//646
f 1337//647 1339//647 1338//647
f 1319//647 1339//647 1337//647
f 1351//648 1348//648 1349//648
f 1341//649 1339//649 1340//649
f 1350//650 1347//650 1348//650
f 1322//651 1334//651 1333//651
f 1344//652 1340//652 1342//652
f 1311//653 1356//653 1313//653
f 1345//654 1342//654 1343//654
f 1349//655 1352//655 1351//655
f 1355//656 1353//656 1354//656
f 1343//657 1346//657 1345//657
f 1367//630 1288//630 1284//630
f 1283//658 1367//658 1284//658
f 1365//629 1361//629 1364//629
f 1387//629 1391//629 1390//629
f 1363//634 1371//634 1369//634
f 1380//659 1386//659 1384//659
f 1381//630 1383//630 1382//630
f 1369//630 1370//630 1368//630
f 1370//630 1379//630 1376//630
f 1384//660 1378//660 1380//660
f 1363//661 1361//661 1362//661
f 1373//629 1374//629 1375//629
f 1380//629 1388//629 1387//629
f 1367//662 1364//662 1366//662
f 1373//636 1381//636 1379//636
f 1378//629 1375//629 1377//629
f 1384//630 1385//630 1383//630
f 1376//630 1381//630 1382//630
f 1369//630 1360//630 1366//630
f 1369//663 1364//663 1363//663
f 1400//664 1411//664 1410//664
f 1363//629 1374//629 1372//629
f 1393//665 1403//665 1411//665
f 1398//666 1408//666 1407//666
f 1391//667 1392//667 1390//667
f 1401//668 1410//668 1409//668
f 1397//669 1409//669 1408//669
f 1394//670 1406//670 1402//670
f 1402//671 1422//671 1394//671
f 1395//672 1405//672 1404//672
f 1404//673 1396//673 1395//673
f 1379//635 1372//635 1373//635
f 1415//674 1425//674 1426//674
f 1417//675 1431//675 1432//675
f 1418//676 1432//676 1433//676
f 1367//630 1360//630 1358//630
f 1414//677 1424//677 1425//677
f 1416//678 1426//678 1427//678
f 1386//630 1433//630 1385//630
f 1420//679 1427//679 1428//679
f 1421//680 1428//680 1429//680
f 1413//681 1430//681 1431//681
f 1423//682 1419//682 1422//682
f 1412//683 1429//683 1430//683
f 1412//684 1417//684 1415//684
f 1399//685 1407//685 1405//685
f 1329//684 1333//684 1337//684
f 1359//629 1283//629 1282//629
f 1357//686 1354//686 1356//686
f 1287//629 1285//629 1298//629
f 1389//629 1378//629 1377//629
f 1308//629 1303//629 1302//629
f 1310//629 1309//629 1311//629
f 1309//629 1310//629 1303//629
f 1305//630 1304//630 1306//630
f 1307//631 1315//631 1309//631
f 1284//630 1288//630 1289//630
f 1286//629 1282//629 1283//629
f 1299//629 1296//629 1295//629
f 1290//663 1291//663 1298//663
f 1284//633 1290//633 1285//633
f 1291//634 1293//634 1297//634
f 1294//630 1305//630 1300//630
f 1293//635 1300//635 1299//635
f 1301//629 1302//629 1296//629
f 1314//630 1312//630 1315//630
f 1304//630 1314//630 1307//630
f 1294//630 1293//630 1291//630
f 1300//636 1306//636 1301//636
f 1295//629 1287//629 1298//629
f 1307//637 1308//637 1301//637
f 1292//630 1291//630 1290//630
f 1320//638 1318//638 1336//638
f 1324//639 1323//639 1332//639
f 1325//640 1324//640 1331//640
f 1329//641 1328//641 1327//641
f 1318//642 1319//642 1337//642
f 1321//643 1320//643 1335//643
f 1326//644 1325//644 1330//644
f 1323//645 1322//645 1333//645
f 1317//687 1327//687 1328//687
f 1351//688 1350//688 1348//688
f 1341//649 1338//649 1339//649
f 1350//650 1346//650 1347//650
f 1322//651 1321//651 1334//651
f 1344//652 1341//652 1340//652
f 1311//653 1357//653 1356//653
f 1345//654 1344//654 1342//654
f 1349//655 1353//655 1352//655
f 1355//656 1352//656 1353//656
f 1343//657 1347//657 1346//657
f 1367//630 1358//630 1288//630
f 1283//658 1365//658 1367//658
f 1365//629 1359//629 1361//629
f 1387//629 1388//629 1391//629
f 1363//634 1372//634 1371//634
f 1380//659 1387//659 1386//659
f 1381//630 1384//630 1383//630
f 1369//630 1371//630 1370//630
f 1370//630 1371//630 1379//630
f 1384//660 1381//660 1378//660
f 1363//629 1364//629 1361//629
f 1373//629 1372//629 1374//629
f 1380//629 1389//629 1388//629
f 1367//662 1365//662 1364//662
f 1373//636 1378//636 1381//636
f 1378//629 1373//629 1375//629
f 1384//630 1386//630 1385//630
f 1376//630 1379//630 1381//630
f 1369//689 1368//689 1360//689
f 1369//663 1366//663 1364//663
f 1400//664 1393//664 1411//664
f 1363//629 1362//629 1374//629
f 1393//665 1392//665 1403//665
f 1398//666 1397//666 1408//666
f 1391//667 1403//667 1392//667
f 1401//668 1400//668 1410//668
f 1397//669 1401//669 1409//669
f 1394//670 1396//670 1406//670
f 1402//671 1423//671 1422//671
f 1395//672 1399//672 1405//672
f 1404//673 1406//673 1396//673
f 1379//690 1371//690 1372//690
f 1415//674 1414//674 1425//674
f 1417//675 1413//675 1431//675
f 1418//676 1417//676 1432//676
f 1367//630 1366//630 1360//630
f 1414//677 1419//677 1424//677
f 1416//691 1415//691 1426//691
f 1386//630 1418//630 1433//630
f 1420//679 1416//679 1427//679
f 1421//680 1420//680 1428//680
f 1413//681 1412//681 1430//681
f 1423//682 1424//682 1419//682
f 1412//683 1421//683 1429//683
f 1386//684 1387//684 1394//684
f 1387//684 1390//684 1394//684
f 1394//684 1390//684 1398//684
f 1390//692 1392//692 1393//692
f 1393//684 1400//684 1401//684
f 1401//684 1397//684 1393//684
f 1397//692 1398//692 1393//692
f 1398//684 1399//684 1394//684
f 1399//684 1395//684 1394//684
f 1395//684 1396//684 1394//684
f 1394//684 1422//684 1386//684
f 1422//684 1419//684 1418//684
f 1386//684 1422//684 1418//684
f 1419//684 1414//684 1415//684
f 1415//684 1416//684 1420//684
f 1420//692 1421//692 1412//692
f 1412//684 1413//684 1417//684
f 1417//684 1418//684 1415//684
f 1415//684 1418//684 1419//684
f 1390//684 1393//684 1398//684
f 1415//684 1420//684 1412//684
f 1399//693 1398//693 1407//693
f 1309//684 1315//684 1337//684
f 1315//684 1316//684 1337//684
f 1316//684 1328//684 1329//684
f 1329//684 1330//684 1331//684
f 1331//684 1332//684 1333//684
f 1333//684 1334//684 1335//684
f 1335//684 1336//684 1333//684
f 1336//684 1337//684 1333//684
f 1337//684 1338//684 1309//684
f 1338//684 1341//684 1311//684
f 1309//684 1338//684 1311//684
f 1341//684 1344//684 1345//684
f 1345//684 1346//684 1352//684
f 1346//684 1350//684 1352//684
f 1350//684 1351//684 1352//684
f 1352//684 1355//684 1357//684
f 1357//684 1311//684 1341//684
f 1316//684 1329//684 1337//684
f 1329//684 1331//684 1333//684
f 1341//684 1345//684 1357//684
f 1352//684 1357//684 1345//684
f 1359//629 1365//629 1283//629
f 1357//686 1355//686 1354//686
f 1287//629 1286//629 1285//629
f 1389//629 1380//629 1378//629
o 7
v 0.009861 -0.034641 1.748000
v 0.009861 -0.034641 1.744000
v -0.116645 -0.107679 1.748000
v 0.015159 -0.030984 1.748000
v 0.015159 -0.030984 1.744000
v 0.019801 -0.026525 1.744000
v 0.009861 0.034641 1.748000
v 0.009861 0.034641 1.744000
v -0.116645 0.107680 1.744000
v -0.116645 0.107680 1.748000
v 0.015159 0.030984 1.748000
v 0.019801 0.026525 1.748000
v 0.015159 0.030984 1.744000
v 0.019801 0.026525 1.744000
v 0.023669 0.021379 1.744000
v -0.146645 0.090359 1.748000
v -0.146645 0.090359 1.744000
v -0.146386 0.093567 1.748000
v -0.145616 0.096692 1.748000
v -0.144354 0.099653 1.748000
v -0.146386 0.093567 1.744000
v -0.145616 0.096692 1.744000
v -0.144354 0.099653 1.744000
v -0.142634 0.102374 1.748000
v -0.140500 0.104783 1.748000
v -0.138007 0.106819 1.748000
v -0.142634 0.102374 1.744000
v -0.140500 0.104783 1.744000
v -0.138007 0.106819 1.744000
v -0.135219 0.108428 1.744000
v -0.132210 0.109569 1.748000
v -0.129056 0.110213 1.748000
v -0.125840 0.110343 1.748000
v -0.125840 0.110343 1.744000
v -0.132210 0.109569 1.744000
v -0.129056 0.110213 1.744000
v -0.122645 0.109955 1.748000
v -0.122645 0.109955 1.744000
v -0.119553 0.109059 1.744000
v -0.119553 0.109059 1.748000
v -0.135219 0.108428 1.748000
v -0.146645 -0.090359 1.744000
v 0.019801 -0.026525 1.748000
v 0.023669 -0.021379 1.748000
v 0.023669 -0.021379 1.744000
v 0.026660 -0.015679 1.744000
v 0.028699 -0.009573 1.744000
v 0.026660 -0.015679 1.748000
v 0.028699 -0.009573 1.748000
v 0.029731 -0.003219 1.748000
v 0.029731 -0.003219 1.744000
v 0.029731 0.003219 1.744000
v 0.028699 0.009573 1.744000
v 0.029731 0.003219 1.748000
v 0.028699 0.009573 1.748000
v 0.026660 0.015679 1.744000
v 0.026660 0.015679 1.748000
v 0.023669 0.021379 1.748000
v -0.146645 -0.090359 1.748000
v -0.146386 -0.093567 1.744000
v -0.145616 -0.096692 1.744000
v -0.144354 -0.099653 1.744000
v -0.142634 -0.102374 1.744000
v -0.140500 -0.104783 1.744000
v -0.142634 -0.102374 1.748000
v -0.144354 -0.099653 1.748000
v -0.145616 -0.096692 1.748000
v -0.146386 -0.093567 1.748000
v -0.140500 -0.104783 1.748000
v -0.138007 -0.106819 1.744000
v -0.138007 -0.106819 1.748000
v -0.135219 -0.108428 1.748000
v -0.135219 -0.108428 1.744000
v -0.132210 -0.109569 1.744000
v -0.129056 -0.110213 1.744000
v -0.132210 -0.109569 1.748000
v -0.129056 -0.110213 1.748000
v -0.125840 -0.110343 1.744000
v -0.122645 -0.109955 1.744000
v -0.119553 -0.109059 1.744000
v -0.116645 -0.107679 1.744000
v -0.119553 -0.109059 1.748000
v -0.122645 -0.109955 1.748000
v -0.125840 -0.110343 1.748000
vn 0.7994 -0.6007 -0.0000
vn 0.5680 -0.8230 -0.0000
vn 0.6927 0.7212 -0.0000
vn -0.0000 -0.0000 1.0000
vn 0.6927 -0.7212 -0.0000
vn 0.5000 0.8660 -0.0000
vn -0.2000 0.9798 -0.0000
vn -0.8452 0.5345 -0.0000
vn -0.5000 0.8660 -0.0000
vn -0.9200 0.3920 -0.0000
vn -0.7485 0.6631 -0.0000
vn -0.6324 0.7746 -0.0000
vn -0.9968 0.0805 -0.0000
vn -0.3546 0.9350 -0.0000
vn 0.2782 0.9605 -0.0000
vn -0.9709 0.2393 -0.0000
vn 0.1205 0.9927 -0.0000
vn -0.0403 0.9992 -0.0000
vn 0.4287 0.9035 -0.0000
vn 0.7994 0.6007 -0.0000
vn 0.8855 0.4647 -0.0000
vn 0.5681 0.8230 -0.0000
vn 0.9871 -0.1604 -0.0000
vn 0.9485 -0.3166 -0.0000
vn 0.5000 -0.8660 -0.0000
vn 1.0000 -0.0000 -0.0000
vn 0.9871 0.1604 -0.0000
vn 0.9485 0.3167 -0.0000
vn -0.6324 -0.7746 -0.0000
vn -0.8452 -0.5345 -0.0000
vn -0.9200 -0.3920 -0.0000
vn 0.1205 -0.9927 -0.0000
vn 0.2782 -0.9605 -0.0000
vn -0.0403 -0.9992 -0.0000
vn -0.9709 -0.2393 -0.0000
vn -0.7485 -0.6631 -0.0000
vn -1.0000 -0.0000 -0.0000
vn -0.5000 -0.8660 -0.0000
vn -0.2000 -0.9798 -0.0000
vn -0.9968 -0.0805 -0.0000
vn -0.3546 -0.9350 -0.0000
vn 0.8855 -0.4647 -0.0000
vn -0.0000 -0.0000 -1.0000
vn 0.4287 -0.9034 -0.0000
vn 0.5681 -0.8230 -0.0000
vn 0.0003 -0.0000 1.0000
vn -0.0002 -0.0000 1.0000
vn 0.0001 -0.0000 1.0000
vn 0.0002 -0.0000 1.0000
vn -0.0006 -0.0000 1.0000
vn -0.0001 -0.0000 1.0000
vn 0.0006 -0.0000 1.0000
vn -0.9200 0.3919 -0.0000
vn -0.6325 0.7746 -0.0000
vn 0.5680 0.8230 -0.0000
vn 0.9485 -0.3167 -0.0000
vn -0.0001 -0.0000 -1.0000
vn 0.0001 -0.0000 -1.0000
vn -0.0003 -0.0000 -1.0000
vn 0.0006 -0.0000 -1.0000
vn 0.4287 -0.9035 -0.0000
s 0
usemtl aluminum
f 1439//694 1477//694 1476//694
f 1437//695 1435//695 1438//695
f 1447//696 1444//696 1445//696
f 1499//697 1505//697 1516//697
f 1476//698 1438//698 1439//698
f 1443//699 1441//699 1442//699
f 1464//700 1469//700 1468//700
f 1453//701 1460//701 1456//701
f 1459//702 1463//702 1462//702
f 1452//703 1456//703 1455//703
f 1457//704 1461//704 1460//704
f 1458//705 1462//705 1461//705
f 1449//706 1454//706 1450//706
f 1474//707 1468//707 1463//707
f 1470//708 1472//708 1471//708
f 1451//709 1455//709 1454//709
f 1471//710 1466//710 1470//710
f 1467//711 1465//711 1466//711
f 1442//712 1473//712 1443//712
f 1448//713 1445//713 1491//713
f 1489//714 1491//714 1490//714
f 1446//715 1440//715 1444//715
f 1480//716 1483//716 1482//716
f 1479//717 1482//717 1481//717
f 1514//718 1434//718 1436//718
f 1487//719 1484//719 1485//719
f 1488//720 1485//720 1486//720
f 1486//721 1490//721 1488//721
f 1504//722 1497//722 1503//722
f 1495//723 1498//723 1499//723
f 1494//724 1499//724 1500//724
f 1511//725 1516//725 1517//725
f 1512//726 1515//726 1516//726
f 1508//727 1517//727 1510//727
f 1493//728 1500//728 1501//728
f 1496//729 1502//729 1498//729
f 1492//730 1450//730 1475//730
f 1503//731 1505//731 1504//731
f 1510//732 1507//732 1508//732
f 1475//733 1501//733 1492//733
f 1509//734 1506//734 1507//734
f 1481//735 1478//735 1479//735
f 1441//736 1489//736 1435//736
f 1513//737 1436//737 1515//737
f 1439//694 1478//694 1477//694
f 1437//738 1434//738 1435//738
f 1447//696 1446//696 1444//696
f 1436//697 1434//697 1492//697
f 1434//697 1437//697 1440//697
f 1492//697 1434//697 1440//697
f 1437//739 1476//739 1477//739
f 1477//697 1481//697 1482//697
f 1482//697 1483//697 1477//697
f 1483//740 1487//740 1477//740
f 1487//697 1488//697 1490//697
f 1490//697 1491//697 1487//697
f 1491//697 1445//697 1487//697
f 1445//697 1444//697 1440//697
f 1440//697 1443//697 1449//697
f 1443//697 1473//697 1449//697
f 1473//741 1470//741 1466//741
f 1466//697 1465//697 1473//697
f 1465//697 1464//697 1473//697
f 1464//740 1474//740 1457//740
f 1474//742 1459//742 1457//742
f 1459//697 1458//697 1457//697
f 1457//697 1453//697 1452//697
f 1452//697 1451//697 1457//697
f 1451//697 1449//697 1457//697
f 1449//697 1492//697 1440//697
f 1492//697 1501//697 1436//697
f 1440//697 1437//697 1477//697
f 1501//743 1500//743 1499//743
f 1499//697 1498//697 1502//697
f 1502//697 1504//697 1505//697
f 1505//744 1509//744 1510//744
f 1510//697 1517//697 1516//697
f 1516//745 1515//745 1436//745
f 1445//697 1440//697 1477//697
f 1501//697 1499//697 1436//697
f 1499//741 1502//741 1505//741
f 1505//697 1510//697 1516//697
f 1516//697 1436//697 1499//697
f 1477//697 1487//697 1445//697
f 1473//697 1464//697 1449//697
f 1464//697 1457//697 1449//697
f 1476//698 1437//698 1438//698
f 1443//699 1440//699 1441//699
f 1464//700 1465//700 1469//700
f 1453//701 1457//701 1460//701
f 1459//702 1474//702 1463//702
f 1452//746 1453//746 1456//746
f 1457//704 1458//704 1461//704
f 1458//747 1459//747 1462//747
f 1449//706 1451//706 1454//706
f 1474//707 1464//707 1468//707
f 1470//708 1473//708 1472//708
f 1451//709 1452//709 1455//709
f 1471//710 1467//710 1466//710
f 1467//711 1469//711 1465//711
f 1442//712 1472//712 1473//712
f 1448//713 1447//713 1445//713
f 1489//714 1448//714 1491//714
f 1446//748 1441//748 1440//748
f 1480//716 1484//716 1483//716
f 1479//749 1480//749 1482//749
f 1514//718 1435//718 1434//718
f 1487//719 1483//719 1484//719
f 1488//720 1487//720 1485//720
f 1486//721 1489//721 1490//721
f 1504//722 1502//722 1497//722
f 1495//723 1496//723 1498//723
f 1494//724 1495//724 1499//724
f 1511//725 1512//725 1516//725
f 1512//726 1513//726 1515//726
f 1508//727 1511//727 1517//727
f 1493//728 1494//728 1500//728
f 1496//729 1497//729 1502//729
f 1492//730 1449//730 1450//730
f 1503//731 1506//731 1505//731
f 1510//732 1509//732 1507//732
f 1475//733 1493//733 1501//733
f 1509//734 1505//734 1506//734
f 1481//735 1477//735 1478//735
f 1478//750 1439//750 1438//750
f 1438//751 1435//751 1489//751
f 1435//736 1514//736 1475//736
f 1441//736 1450//736 1442//736
f 1514//750 1513//750 1512//750
f 1512//736 1511//736 1514//736
f 1511//736 1508//736 1514//736
f 1508//736 1507//736 1506//736
f 1506//752 1503//752 1497//752
f 1497//736 1496//736 1495//736
f 1495//753 1494//753 1493//753
f 1493//736 1475//736 1514//736
f 1475//736 1450//736 1435//736
f 1450//753 1454//753 1455//753
f 1455//753 1456//753 1460//753
f 1460//736 1461//736 1455//736
f 1461//736 1462//736 1455//736
f 1462//736 1463//736 1468//736
f 1468//736 1469//736 1462//736
f 1469//736 1467//736 1462//736
f 1467//751 1471//751 1472//751
f 1472//736 1442//736 1455//736
f 1455//736 1442//736 1450//736
f 1441//751 1446//751 1447//751
f 1447//736 1448//736 1441//736
f 1448//736 1489//736 1441//736
f 1489//752 1486//752 1485//752
f 1485//736 1484//736 1489//736
f 1484//736 1480//736 1489//736
f 1480//736 1479//736 1478//736
f 1478//750 1438//750 1489//750
f 1450//736 1441//736 1435//736
f 1508//736 1506//736 1497//736
f 1497//736 1495//736 1493//736
f 1467//736 1472//736 1455//736
f 1480//736 1478//736 1489//736
f 1514//736 1508//736 1497//736
f 1497//736 1493//736 1514//736
f 1455//736 1462//736 1467//736
f 1513//754 1514//754 1436//754
o 8
v -0.051978 -0.031508 1.644000
v -0.045272 -0.024833 1.644000
v -0.048427 -0.028370 1.644000
v -0.042557 -0.020949 1.744000
v -0.040321 -0.016770 1.744000
v -0.038595 -0.012356 1.744000
v -0.055875 -0.034205 1.644000
v -0.037403 -0.007769 1.744000
v -0.060064 -0.036422 1.644000
v -0.036762 -0.003074 1.744000
v -0.060064 -0.036422 1.744000
v -0.064486 -0.038127 1.644000
v -0.069078 -0.039298 1.644000
v -0.055875 -0.034205 1.744000
v -0.036681 0.001665 1.744000
v -0.073777 -0.039917 1.644000
v -0.078515 -0.039977 1.644000
v -0.037161 0.006380 1.744000
v -0.038195 0.011005 1.744000
v -0.083228 -0.039475 1.644000
v -0.087848 -0.038419 1.644000
v -0.092311 -0.036825 1.644000
v -0.039769 0.015475 1.744000
v -0.041860 0.019728 1.744000
v -0.096554 -0.034714 1.644000
v -0.044440 0.023704 1.744000
v -0.047472 0.027346 1.744000
v -0.100518 -0.032116 1.644000
v -0.104146 -0.029067 1.644000
v -0.050913 0.030604 1.744000
v -0.107389 -0.025610 1.644000
v -0.054716 0.033433 1.744000
v -0.058827 0.035792 1.744000
v -0.110200 -0.021795 1.644000
v -0.112539 -0.017673 1.644000
v -0.114375 -0.013304 1.644000
v -0.063187 0.037648 1.744000
v -0.067737 0.038975 1.744000
v -0.115682 -0.008748 1.644000
v -0.072411 0.039755 1.744000
v -0.077146 0.039977 1.744000
v -0.116440 -0.004070 1.644000
v -0.116639 0.000665 1.644000
v -0.081873 0.039637 1.744000
v -0.086526 0.038740 1.744000
v -0.116278 0.005390 1.644000
v -0.115360 0.010040 1.644000
v -0.091041 0.037299 1.744000
v -0.095354 0.035335 1.744000
v -0.113898 0.014548 1.644000
v -0.111914 0.018852 1.644000
v -0.109434 0.022891 1.644000
v -0.099404 0.032874 1.744000
v -0.103135 0.029951 1.744000
v -0.106494 0.026608 1.644000
v -0.106494 0.026608 1.744000
v -0.109434 0.022891 1.744000
v -0.103135 0.029951 1.644000
v -0.099404 0.032874 1.644000
v -0.095354 0.035335 1.644000
v -0.111914 0.018852 1.744000
v -0.113898 0.014548 1.744000
v -0.115360 0.010040 1.744000
v -0.091041 0.037299 1.644000
v -0.116278 0.005390 1.744000
v -0.086526 0.038740 1.644000
v -0.081873 0.039637 1.644000
v -0.077146 0.039977 1.644000
v -0.116639 0.000665 1.744000
v -0.048427 -0.028370 1.744000
v -0.045272 -0.024833 1.744000
v -0.072411 0.039755 1.644000
v -0.051978 -0.031508 1.744000
v -0.067737 0.038975 1.644000
v -0.063187 0.037648 1.644000
v -0.058827 0.035792 1.644000
v -0.116440 -0.004070 1.744000
v -0.115682 -0.008748 1.744000
v -0.114375 -0.013304 1.744000
v -0.054716 0.033433 1.644000
v -0.112539 -0.017673 1.744000
v -0.050913 0.030604 1.644000
v -0.047472 0.027346 1.644000
v -0.044440 0.023704 1.644000
v -0.110200 -0.021795 1.744000
v -0.107389 -0.025610 1.744000
v -0.104146 -0.029067 1.744000
v -0.041860 0.019728 1.644000
v -0.100518 -0.032116 1.744000
v -0.039769 0.015475 1.644000
v -0.038195 0.011005 1.644000
v -0.037161 0.006380 1.644000
v -0.096554 -0.034714 1.744000
v -0.092311 -0.036825 1.744000
v -0.087848 -0.038419 1.744000
v -0.036681 0.001665 1.644000
v -0.083228 -0.039475 1.744000
v -0.036762 -0.003074 1.644000
v -0.037403 -0.007769 1.644000
v -0.038595 -0.012356 1.644000
v -0.078515 -0.039977 1.744000
v -0.073777 -0.039917 1.744000
v -0.069078 -0.039298 1.744000
v -0.040321 -0.016770 1.644000
v -0.064486 -0.038127 1.744000
v -0.042557 -0.020949 1.644000
vn -0.2227 -0.9749 -0.0000
vn -0.3365 -0.9417 -0.0000
vn -0.4455 -0.8953 -0.0000
vn -0.5482 -0.8363 -0.0000
vn -0.6433 -0.7656 -0.0000
vn -0.7293 -0.6842 -0.0000
vn -0.8051 -0.5931 -0.0000
vn -0.8696 -0.4937 -0.0000
vn -0.9219 -0.3874 -0.0000
vn -0.9613 -0.2756 -0.0000
vn -0.9871 -0.1600 -0.0000
vn -0.9991 -0.0421 -0.0000
vn -0.9971 0.0763 -0.0000
vn -0.9811 0.1937 -0.0000
vn -0.9513 0.3084 -0.0000
vn -0.9081 0.4187 -0.0000
vn -0.8522 0.5232 -0.0000
vn -0.7843 0.6203 -0.0000
vn -0.7055 0.7087 -0.0000
vn -0.6167 0.7872 -0.0000
vn -0.5193 0.8546 -0.0000
vn -0.4145 0.9100 -0.0000
vn -0.3040 0.9527 -0.0000
vn -0.1892 0.9819 -0.0000
vn -0.0717 0.9974 -0.0000
vn 0.0468 0.9989 -0.0000
vn 0.1646 0.9864 -0.0000
vn 0.2801 0.9600 -0.0000
vn 0.3916 0.9201 -0.0000
vn 0.4977 0.8673 -0.0000
vn 0.5968 0.8024 -0.0000
vn 0.6875 0.7262 -0.0000
vn 0.7686 0.6397 -0.0000
vn 0.8389 0.5443 -0.0000
vn 0.8973 0.4413 -0.0000
vn 0.9432 0.3321 -0.0000
vn 0.9759 0.2182 -0.0000
vn 0.9949 0.1013 -0.0000
vn 0.9999 -0.0171 -0.0000
vn 0.9908 -0.1353 -0.0000
vn 0.9679 -0.2515 -0.0000
vn 0.9313 -0.3642 -0.0000
vn 0.8817 -0.4718 -0.0000
vn 0.8197 -0.5728 -0.0000
vn 0.7462 -0.6657 -0.0000
vn 0.6623 -0.7493 -0.0000
vn 0.5690 -0.8224 -0.0000
vn 0.4677 -0.8839 -0.0000
vn 0.3599 -0.9330 -0.0000
vn 0.2470 -0.9690 -0.0000
vn 0.1307 -0.9914 -0.0000
vn 0.0125 -0.9999 -0.0000
vn -0.1059 -0.9944 -0.0000
vn 0.7686 0.6398 -0.0000
s 0
usemtl blue
f 1612//755 1537//755 1614//755
f 1611//756 1538//756 1612//756
f 1610//757 1539//757 1611//757
f 1606//758 1542//758 1610//758
f 1604//759 1545//759 1606//759
f 1603//760 1546//760 1604//760
f 1602//761 1548//761 1603//761
f 1598//762 1551//762 1602//762
f 1596//763 1552//763 1598//763
f 1595//764 1553//764 1596//764
f 1594//765 1556//765 1595//765
f 1586//766 1559//766 1594//766
f 1582//767 1560//767 1586//767
f 1580//768 1563//768 1582//768
f 1579//769 1564//769 1580//769
f 1578//770 1567//770 1579//770
f 1574//771 1568//771 1578//771
f 1573//772 1569//772 1574//772
f 1571//773 1572//773 1573//773
f 1570//774 1575//774 1571//774
f 1566//775 1576//775 1570//775
f 1565//776 1577//776 1566//776
f 1562//777 1581//777 1565//777
f 1561//778 1583//778 1562//778
f 1558//779 1584//779 1561//779
f 1557//780 1585//780 1558//780
f 1555//781 1589//781 1557//781
f 1554//782 1591//782 1555//782
f 1554//783 1593//783 1592//783
f 1549//784 1593//784 1550//784
f 1547//785 1597//785 1549//785
f 1544//786 1599//786 1547//786
f 1544//787 1601//787 1600//787
f 1541//788 1601//788 1543//788
f 1540//789 1605//789 1541//789
f 1536//790 1607//790 1540//790
f 1535//791 1608//791 1536//791
f 1532//792 1609//792 1535//792
f 1527//793 1613//793 1532//793
f 1525//794 1615//794 1527//794
f 1523//795 1616//795 1525//795
f 1522//796 1617//796 1523//796
f 1521//797 1621//797 1522//797
f 1588//798 1623//798 1521//798
f 1587//799 1519//799 1588//799
f 1590//800 1520//800 1587//800
f 1531//801 1518//801 1590//801
f 1528//802 1524//802 1531//802
f 1622//803 1526//803 1528//803
f 1620//804 1529//804 1622//804
f 1619//805 1530//805 1620//805
f 1618//806 1533//806 1619//806
f 1614//807 1534//807 1618//807
f 1612//755 1538//755 1537//755
f 1611//756 1539//756 1538//756
f 1610//757 1542//757 1539//757
f 1606//758 1545//758 1542//758
f 1604//759 1546//759 1545//759
f 1603//760 1548//760 1546//760
f 1602//761 1551//761 1548//761
f 1598//762 1552//762 1551//762
f 1596//763 1553//763 1552//763
f 1595//764 1556//764 1553//764
f 1594//765 1559//765 1556//765
f 1586//766 1560//766 1559//766
f 1582//767 1563//767 1560//767
f 1580//768 1564//768 1563//768
f 1579//769 1567//769 1564//769
f 1578//770 1568//770 1567//770
f 1574//771 1569//771 1568//771
f 1573//772 1572//772 1569//772
f 1571//773 1575//773 1572//773
f 1570//774 1576//774 1575//774
f 1566//775 1577//775 1576//775
f 1565//776 1581//776 1577//776
f 1562//777 1583//777 1581//777
f 1561//778 1584//778 1583//778
f 1558//779 1585//779 1584//779
f 1557//780 1589//780 1585//780
f 1555//781 1591//781 1589//781
f 1554//782 1592//782 1591//782
f 1554//783 1550//783 1593//783
f 1549//784 1597//784 1593//784
f 1547//785 1599//785 1597//785
f 1544//786 1600//786 1599//786
f 1544//808 1543//808 1601//808
f 1541//788 1605//788 1601//788
f 1540//789 1607//789 1605//789
f 1536//790 1608//790 1607//790
f 1535//791 1609//791 1608//791
f 1532//792 1613//792 1609//792
f 1527//793 1615//793 1613//793
f 1525//794 1616//794 1615//794
f 1523//795 1617//795 1616//795
f 1522//796 1621//796 1617//796
f 1521//797 1623//797 1621//797
f 1588//798 1519//798 1623//798
f 1587//799 1520//799 1519//799
f 1590//800 1518//800 1520//800
f 1531//801 1524//801 1518//801
f 1528//802 1526//802 1524//802
f 1622//803 1529//803 1526//803
f 1620//804 1530//804 1529//804
f 1619//805 1533//805 1530//805
f 1618//806 1534//806 1533//806
f 1614//807 1537//807 1534//807
o 9
v -0.011645 0.060000 1.640000
v -0.011645 0.060000 1.644000
v -0.011707 0.060782 1.640000
v -0.011890 0.061545 1.640000
v -0.011890 0.061545 1.644000
v -0.013110 0.063536 1.640000
v -0.015100 0.064755 1.640000
v -0.012600 0.062939 1.644000
v -0.013735 0.064004 1.644000
v -0.015100 0.064755 1.644000
v -0.014375 0.064455 1.644000
v -0.016645 0.065000 1.640000
v -0.016645 0.065000 1.644000
v -0.136645 -0.065000 1.644000
v -0.136645 -0.065000 1.640000
v -0.016645 -0.065000 1.644000
v -0.016645 -0.065000 1.640000
v -0.015863 -0.064938 1.644000
v -0.015100 -0.064755 1.640000
v -0.013706 -0.064045 1.640000
v -0.014375 -0.064455 1.644000
v -0.013706 -0.064045 1.644000
v -0.011890 -0.061545 1.640000
v -0.012190 -0.062270 1.644000
v -0.011756 -0.060775 1.644000
v -0.011645 -0.060000 1.640000
v -0.011645 -0.060000 1.644000
v -0.012640 -0.062909 1.640000
v -0.013110 -0.063536 1.640000
v -0.141645 -0.060000 1.640000
v -0.141645 -0.060000 1.644000
v -0.141584 -0.060782 1.640000
v -0.141401 -0.061545 1.644000
v -0.141100 -0.062270 1.640000
v -0.140650 -0.062909 1.644000
v -0.140181 -0.063536 1.644000
v -0.139584 -0.064045 1.640000
v -0.138915 -0.064455 1.640000
v -0.139584 -0.064045 1.644000
v -0.138190 -0.064755 1.644000
v -0.137428 -0.064938 1.640000
v -0.141645 0.060000 1.640000
v -0.141645 0.060000 1.644000
v -0.141584 0.060782 1.644000
v -0.012662 0.062893 1.640000
v -0.013164 0.063481 1.644000
v -0.141401 0.061545 1.640000
v -0.140126 0.063481 1.640000
v -0.140690 0.062939 1.640000
v -0.139556 0.064004 1.640000
v -0.141032 -0.062235 1.644000
v -0.011963 -0.061521 1.644000
v -0.140181 0.063536 1.644000
v -0.140690 0.062939 1.644000
v -0.138190 0.064755 1.644000
v -0.138915 0.064455 1.640000
v -0.138190 0.064755 1.640000
v -0.012259 -0.062235 1.640000
v -0.137428 0.064938 1.644000
v -0.136645 0.065000 1.644000
v -0.136645 0.065000 1.640000
v -0.015863 0.064938 1.640000
v -0.011737 0.060779 1.644000
v -0.012218 0.062257 1.644000
v -0.015869 -0.064908 1.640000
v -0.014390 -0.064428 1.640000
v -0.012232 0.062242 1.640000
v -0.011737 -0.060779 1.640000
v -0.012649 -0.062901 1.644000
v -0.015109 -0.064726 1.644000
v -0.141553 -0.060779 1.644000
v -0.140642 -0.062901 1.640000
v -0.138900 -0.064428 1.644000
v -0.138182 -0.064726 1.640000
v -0.137422 -0.064908 1.644000
v -0.141372 -0.061534 1.640000
v -0.139550 0.063994 1.644000
v -0.137422 0.064908 1.640000
v -0.141072 0.062257 1.640000
v -0.141343 0.061524 1.644000
v -0.141553 0.060779 1.640000
v -0.015869 0.064908 1.644000
v -0.013741 0.063994 1.640000
v -0.014396 0.064414 1.640000
v -0.138895 0.064414 1.644000
v -0.141060 0.062248 1.644000
v -0.140149 -0.063502 1.640000
v -0.013142 -0.063502 1.644000
vn 0.9931 -0.1175 -0.0000
vn 0.5757 0.8176 -0.0029
vn 0.6929 0.7207 -0.0189
vn 0.9969 0.0785 0.0077
vn 0.3827 0.9238 -0.0115
vn 0.9081 0.4187 -0.0000
vn 0.6754 0.7372 0.0192
vn 0.2335 0.9723 0.0077
vn -0.0000 -1.0000 -0.0000
vn 0.8091 -0.5877 0.0029
vn 0.9807 -0.1952 0.0048
vn 0.4886 -0.8725 -0.0000
vn 0.1174 -0.9931 -0.0077
vn 0.6494 -0.7604 0.0115
vn 0.9568 -0.2902 -0.0189
vn 0.4185 -0.9082 -0.0077
vn 1.0000 -0.0000 -0.0000
vn 0.8002 -0.5997 0.0029
vn 0.1952 -0.9807 0.0077
vn -0.4185 -0.9082 0.0077
vn -1.0000 -0.0000 -0.0000
vn -0.9080 0.4186 0.0153
vn -0.6931 -0.7209 -0.0000
vn -0.7732 -0.6341 -0.0115
vn -0.0784 -0.9969 -0.0000
vn -0.9625 -0.2713 -0.0077
vn -0.8701 -0.4925 0.0192
vn -0.1951 -0.9807 -0.0077
vn -0.9969 -0.0784 0.0077
vn -0.9380 -0.3460 0.0191
vn -0.5225 -0.8526 0.0077
vn -0.9510 0.3088 0.0154
vn -0.6754 0.7372 -0.0192
vn 0.8341 0.5513 -0.0192
vn -0.2334 0.9723 -0.0077
vn -0.0785 0.9969 -0.0000
vn -0.6931 0.7209 -0.0000
vn -0.8819 0.4715 -0.0000
vn -0.9969 0.0784 -0.0077
vn -0.5393 0.8420 0.0115
vn -0.4364 0.8998 -0.0000
vn -0.0000 1.0000 -0.0000
vn 0.9724 0.2334 -0.0000
vn 0.1174 0.9931 0.0077
vn -0.0000 -0.0000 1.0000
vn -0.0000 -0.0000 -1.0000
vn 0.9899 -0.1418 0.0048
vn 0.5393 0.8420 -0.0115
vn 0.8203 0.5717 0.0189
vn 0.9931 0.1176 -0.0000
vn 0.4364 0.8998 -0.0000
vn 0.8979 0.4403 -0.0047
vn 0.5879 0.8089 -0.0029
vn 0.1951 0.9808 -0.0000
vn 0.8702 -0.4924 -0.0192
vn 0.9635 -0.2671 0.0192
vn 0.5225 -0.8526 -0.0077
vn 0.0784 -0.9969 -0.0000
vn 0.6931 -0.7209 -0.0000
vn 0.8818 -0.4713 0.0189
vn 0.3462 -0.9381 0.0077
vn 0.7731 -0.6341 0.0115
vn 0.2715 -0.9624 -0.0077
vn -0.3462 -0.9381 -0.0077
vn -0.9313 0.3642 0.0038
vn -0.6494 -0.7604 -0.0115
vn -0.8002 -0.5997 -0.0029
vn -0.1174 -0.9931 0.0077
vn -0.9807 -0.1952 0.0077
vn -0.8091 -0.5877 -0.0029
vn -0.2715 -0.9624 0.0077
vn -0.9931 -0.1175 -0.0000
vn -0.8819 -0.4714 -0.0076
vn -0.4886 -0.8725 -0.0000
vn -0.9807 0.1952 -0.0077
vn -0.5879 0.8089 0.0029
vn 0.8724 0.4887 -0.0048
vn -0.1951 0.9808 -0.0000
vn -0.1174 0.9931 -0.0077
vn -0.7603 0.6493 -0.0192
vn -0.8724 0.4887 0.0039
vn -0.9931 0.1175 -0.0000
vn -0.5757 0.8176 0.0029
vn -0.3826 0.9238 0.0115
vn 0.9807 0.1952 0.0077
vn 0.0785 0.9969 -0.0000
vn -0.0008 -0.0000 1.0000
vn 0.0014 -0.0000 -1.0000
vn -0.0009 -0.0000 1.0000
vn 0.0008 -0.0000 1.0000
vn 0.0006 -0.0000 1.0000
vn -0.0005 -0.0000 1.0000
vn -0.0008 -0.0000 -1.0000
vn -0.0009 -0.0000 -1.0000
vn -0.0006 -0.0000 -1.0000
vn 0.0001 -0.0000 1.0000
vn -0.0004 -0.0000 -1.0000
vn 0.0004 -0.0000 -1.0000
vn 0.0016 -0.0000 -1.0000
vn -0.0003 -0.0000 -1.0000
vn -0.0001 -0.0000 -1.0000
vn 0.0005 -0.0000 -1.0000
vn -0.0020 -0.0000 -1.0000
vn 0.0010 -0.0000 -1.0000
vn -0.0007 -0.0000 -1.0000
vn -0.0017 -0.0000 -1.0000
vn 0.0006 -0.0000 -1.0000
vn 0.0009 -0.0000 -1.0000
vn 0.0012 -0.0000 1.0000
vn -0.0007 -0.0000 1.0000
vn -0.0004 -0.0000 1.0000
vn 0.0014 -0.0000 1.0000
s 0
usemtl aluminum
f 1650//809 1691//809 1649//809
f 1706//810 1634//810 1632//810
f 1668//811 1669//811 1631//811
f 1686//812 1624//812 1626//812
f 1707//813 1633//813 1634//813
f 1627//814 1687//814 1628//814
f 1629//815 1632//815 1669//815
f 1705//816 1630//816 1685//816
f 1639//817 1638//817 1640//817
f 1651//818 1647//818 1692//818
f 1648//819 1646//819 1691//819
f 1645//820 1689//820 1643//820
f 1641//821 1640//821 1688//821
f 1711//822 1643//822 1652//822
f 1681//823 1675//823 1647//823
f 1644//824 1642//824 1689//824
f 1650//825 1624//825 1625//825
f 1692//826 1652//826 1651//826
f 1693//827 1688//827 1642//827
f 1661//828 1663//828 1696//828
f 1666//829 1653//829 1654//829
f 1703//830 1702//830 1670//830
f 1662//831 1710//831 1660//831
f 1659//832 1695//832 1710//832
f 1637//833 1664//833 1638//833
f 1656//834 1655//834 1699//834
f 1657//835 1658//835 1674//835
f 1697//836 1698//836 1663//836
f 1694//837 1653//837 1655//837
f 1674//838 1699//838 1657//838
f 1696//839 1660//839 1661//839
f 1670//840 1667//840 1703//840
f 1676//841 1673//841 1671//841
f 1631//842 1690//842 1668//842
f 1701//843 1678//843 1682//843
f 1684//844 1682//844 1683//844
f 1677//845 1671//845 1672//845
f 1672//846 1709//846 1677//846
f 1704//847 1666//847 1667//847
f 1679//848 1700//848 1708//848
f 1680//849 1708//849 1678//849
f 1636//850 1684//850 1683//850
f 1628//851 1626//851 1627//851
f 1685//852 1636//852 1705//852
f 1682//853 1676//853 1667//853
f 1685//854 1629//854 1626//854
f 1650//855 1648//855 1691//855
f 1706//856 1707//856 1634//856
f 1668//857 1629//857 1669//857
f 1686//858 1625//858 1624//858
f 1707//859 1630//859 1633//859
f 1627//860 1690//860 1687//860
f 1629//861 1706//861 1632//861
f 1705//862 1633//862 1630//862
f 1639//817 1637//817 1638//817
f 1651//863 1681//863 1647//863
f 1648//864 1675//864 1646//864
f 1645//865 1644//865 1689//865
f 1641//866 1639//866 1640//866
f 1711//867 1645//867 1643//867
f 1681//868 1646//868 1675//868
f 1644//869 1693//869 1642//869
f 1650//825 1649//825 1624//825
f 1692//870 1711//870 1652//870
f 1693//871 1641//871 1688//871
f 1661//872 1697//872 1663//872
f 1666//829 1665//829 1653//829
f 1703//873 1709//873 1702//873
f 1662//874 1659//874 1710//874
f 1659//875 1658//875 1695//875
f 1637//876 1698//876 1664//876
f 1656//877 1694//877 1655//877
f 1657//878 1695//878 1658//878
f 1697//879 1664//879 1698//879
f 1694//880 1654//880 1653//880
f 1674//881 1656//881 1699//881
f 1696//882 1662//882 1660//882
f 1670//883 1704//883 1667//883
f 1676//884 1700//884 1673//884
f 1631//885 1687//885 1690//885
f 1701//886 1680//886 1678//886
f 1684//887 1701//887 1682//887
f 1677//888 1676//888 1671//888
f 1672//889 1702//889 1709//889
f 1704//890 1665//890 1666//890
f 1679//891 1673//891 1700//891
f 1680//892 1679//892 1708//892
f 1636//850 1635//850 1684//850
f 1628//893 1686//893 1626//893
f 1685//894 1635//894 1636//894
f 1657//854 1661//854 1695//854
f 1633//895 1669//895 1632//895
f 1636//853 1683//853 1666//853
f 1683//853 1682//853 1666//853
f 1700//853 1682//853 1708//853
f 1703//853 1676//853 1709//853
f 1667//853 1666//853 1682//853
f 1666//853 1654//853 1636//853
f 1636//853 1654//853 1625//853
f 1643//896 1646//896 1681//896
f 1662//895 1674//895 1658//895
f 1637//853 1639//853 1650//853
f 1639//853 1641//853 1647//853
f 1692//897 1644//897 1711//897
f 1651//854 1652//854 1643//854
f 1650//853 1625//853 1637//853
f 1637//853 1625//853 1654//853
f 1686//853 1633//853 1625//853
f 1687//898 1633//898 1628//898
f 1705//899 1625//899 1633//899
f 1694//853 1637//853 1654//853
f 1696//853 1656//853 1662//853
f 1698//853 1656//853 1663//853
f 1648//853 1639//853 1675//853
f 1693//853 1647//853 1641//853
f 1626//854 1624//854 1635//854
f 1624//854 1649//854 1640//854
f 1693//900 1644//900 1647//900
f 1643//901 1681//901 1651//901
f 1640//854 1638//854 1665//854
f 1638//854 1664//854 1653//854
f 1665//854 1638//854 1653//854
f 1695//902 1661//902 1710//902
f 1655//903 1653//903 1664//903
f 1639//904 1647//904 1675//904
f 1680//905 1671//905 1673//905
f 1684//854 1635//854 1665//854
f 1635//854 1685//854 1626//854
f 1665//854 1635//854 1640//854
f 1706//906 1685//906 1707//906
f 1650//853 1639//853 1648//853
f 1626//907 1668//907 1690//907
f 1624//854 1640//854 1635//854
f 1691//854 1643//854 1649//854
f 1689//854 1642//854 1688//854
f 1697//906 1655//906 1664//906
f 1699//854 1661//854 1657//854
f 1704//907 1670//907 1702//907
f 1701//908 1665//908 1680//908
f 1649//909 1643//909 1640//909
f 1665//854 1672//854 1680//854
f 1701//910 1684//910 1665//910
f 1665//911 1704//911 1702//911
f 1672//912 1665//912 1702//912
f 1699//901 1655//901 1661//901
f 1697//854 1661//854 1655//854
f 1643//910 1689//910 1688//910
f 1640//854 1643//854 1688//854
f 1691//902 1646//902 1643//902
f 1626//913 1629//913 1668//913
f 1690//914 1627//914 1626//914
f 1685//854 1630//854 1707//854
f 1629//915 1685//915 1706//915
f 1680//906 1672//906 1671//906
f 1673//854 1679//854 1680//854
f 1661//916 1660//916 1710//916
f 1687//900 1631//900 1633//900
f 1686//853 1628//853 1633//853
f 1644//853 1645//853 1711//853
f 1647//917 1644//917 1692//917
f 1662//918 1656//918 1674//918
f 1658//897 1659//897 1662//897
f 1698//919 1637//919 1656//919
f 1696//853 1663//853 1656//853
f 1694//853 1656//853 1637//853
f 1705//853 1636//853 1625//853
f 1676//853 1677//853 1709//853
f 1667//853 1676//853 1703//853
f 1682//897 1678//897 1708//897
f 1676//853 1682//853 1700//853
f 1633//920 1631//920 1669//920
f 1632//853 1634//853 1633//853
o 6
v -0.116645 0.107680 1.778000
v -0.116645 0.107680 1.782000
v -0.119553 0.109059 1.778000
v -0.122645 0.109955 1.778000
v -0.119553 0.109059 1.782000
v -0.122645 0.109955 1.782000
v -0.125840 0.110343 1.782000
v -0.125840 0.110343 1.778000
v -0.129056 0.110213 1.778000
v -0.129056 0.110213 1.782000
v -0.132210 0.109569 1.778000
v -0.132210 0.109569 1.782000
v -0.135219 0.108428 1.778000
v -0.138007 0.106819 1.778000
v -0.135219 0.108428 1.782000
v -0.138007 0.106819 1.782000
v -0.140500 0.104783 1.782000
v -0.140500 0.104783 1.778000
v -0.142634 0.102374 1.778000
v -0.144354 0.099653 1.778000
v -0.142634 0.102374 1.782000
v -0.144354 0.099653 1.782000
v -0.146645 0.090359 1.782000
v -0.145616 0.096692 1.782000
v -0.146386 0.093567 1.782000
v 0.009861 0.034641 1.778000
v 0.009861 0.034641 1.782000
v 0.015159 0.030984 1.782000
v 0.019801 0.026525 1.782000
v 0.015159 0.030984 1.778000
v 0.019801 0.026525 1.778000
v 0.023669 0.021379 1.782000
v 0.028699 0.009573 1.782000
v 0.026660 0.015679 1.782000
v 0.026660 0.015679 1.778000
v 0.023669 0.021379 1.778000
v 0.028699 0.009573 1.778000
v 0.029731 0.003219 1.782000
v 0.029731 0.003219 1.778000
v 0.029731 -0.003219 1.782000
v 0.028699 -0.009573 1.782000
v 0.029731 -0.003219 1.778000
v 0.028699 -0.009573 1.778000
v 0.023669 -0.021379 1.782000
v 0.026660 -0.015679 1.782000
v 0.026660 -0.015679 1.778000
v 0.023669 -0.021379 1.778000
v 0.019801 -0.026525 1.778000
v 0.019801 -0.026525 1.782000
v 0.015159 -0.030984 1.782000
v 0.009861 -0.034641 1.782000
v 0.009861 -0.034641 1.778000
v 0.015159 -0.030984 1.778000
v -0.135219 -0.108428 1.782000
v -0.132210 -0.109569 1.782000
v -0.138007 -0.106819 1.782000
v -0.135219 -0.108428 1.778000
v -0.132210 -0.109569 1.778000
v -0.129056 -0.110213 1.778000
v -0.125840 -0.110343 1.778000
v -0.129056 -0.110213 1.782000
v -0.125840 -0.110343 1.782000
v -0.122645 -0.109955 1.778000
v -0.119553 -0.109059 1.778000
v -0.116645 -0.107679 1.778000
v -0.116645 -0.107679 1.782000
v -0.119553 -0.109059 1.782000
v -0.122645 -0.109955 1.782000
v -0.138007 -0.106819 1.778000
v -0.140500 -0.104783 1.778000
v -0.140500 -0.104783 1.782000
v -0.142634 -0.102374 1.782000
v -0.144354 -0.099653 1.782000
v -0.142634 -0.102374 1.778000
v -0.144354 -0.099653 1.778000
v -0.145616 -0.096692 1.782000
v -0.145616 -0.096692 1.778000
v -0.146386 -0.093567 1.782000
v -0.146386 -0.093567 1.778000
v -0.146645 -0.090359 1.782000
v -0.146645 -0.090359 1.778000
v -0.146645 0.090359 1.778000
v -0.146386 0.093567 1.778000
v -0.145616 0.096692 1.778000
vn -0.7485 0.6631 -0.0000
vn -0.9968 0.0805 -0.0000
vn -0.9200 0.3920 -0.0000
vn 0.2782 0.9605 -0.0000
vn 0.4287 0.9034 -0.0000
vn 0.1205 0.9927 -0.0000
vn -0.9709 0.2393 -0.0000
vn -0.0000 -0.0000 1.0000
vn -0.0000 -0.0000 -1.0000
vn -0.8452 0.5345 -0.0000
vn -0.0403 0.9992 -0.0000
vn 0.5000 0.8660 -0.0000
vn 0.9871 0.1604 -0.0000
vn 0.8855 0.4647 -0.0000
vn 0.6927 0.7212 -0.0000
vn 0.6927 -0.7212 -0.0000
vn 0.7995 -0.6007 -0.0000
vn 0.8854 -0.4648 -0.0000
vn 0.9485 -0.3167 -0.0000
vn 0.5000 -0.8660 -0.0000
vn -0.9200 -0.3920 -0.0000
vn 0.9871 -0.1604 -0.0000
vn -0.8452 -0.5345 -0.0000
vn 0.1205 -0.9927 -0.0000
vn -0.3546 -0.9350 -0.0000
vn -0.9709 -0.2393 -0.0000
vn -0.0403 -0.9992 -0.0000
vn 0.2782 -0.9605 -0.0000
vn -0.2000 -0.9798 -0.0000
vn -0.2000 0.9798 -0.0000
vn 0.4287 -0.9034 -0.0000
vn -0.7485 -0.6631 -0.0000
vn -0.5000 -0.8660 -0.0000
vn -0.9968 -0.0805 -0.0000
vn -0.6325 -0.7746 -0.0000
vn 1.0000 -0.0000 -0.0000
vn 0.5681 0.8230 -0.0000
vn 0.7995 0.6007 -0.0000
vn 0.5681 -0.8230 -0.0000
vn -1.0000 -0.0000 -0.0000
vn -0.3546 0.9350 -0.0000
vn -0.6324 0.7746 -0.0000
vn -0.5000 0.8660 -0.0000
vn 0.9485 0.3166 -0.0000
vn -0.9200 0.3919 -0.0000
vn 0.4287 0.9035 -0.0000
vn 0.0003 -0.0000 1.0000
vn 0.0002 -0.0000 1.0000
vn 0.0006 -0.0000 1.0000
vn 0.0001 -0.0000 1.0000
vn -0.0002 -0.0000 -1.0000
vn 0.0003 -0.0000 -1.0000
vn -0.0003 -0.0000 -1.0000
vn -0.0001 -0.0000 -1.0000
vn 0.0001 -0.0000 -1.0000
vn 0.0006 -0.0000 -1.0000
vn 0.8854 0.4648 -0.0000
vn 0.7994 -0.6008 -0.0000
vn 0.8855 -0.4647 -0.0000
vn -0.6324 -0.7746 -0.0000
vn 0.7994 0.6008 -0.0000
vn 0.9485 0.3167 -0.0000
s 0
usemtl aluminum
f 1732//921 1729//921 1730//921
f 1794//922 1734//922 1736//922
f 1731//923 1735//923 1733//923
f 1717//924 1714//924 1715//924
f 1716//925 1712//925 1714//925
f 1715//926 1718//926 1717//926
f 1795//927 1736//927 1735//927
f 1744//928 1739//928 1762//928
f 1795//929 1725//929 1719//929
f 1733//930 1730//930 1731//930
f 1721//931 1719//931 1720//931
f 1738//932 1712//932 1713//932
f 1744//933 1750//933 1748//933
f 1743//934 1746//934 1747//934
f 1742//935 1739//935 1740//935
f 1764//936 1760//936 1761//936
f 1755//937 1759//937 1758//937
f 1758//938 1756//938 1755//938
f 1757//939 1752//939 1756//939
f 1777//940 1763//940 1762//940
f 1788//941 1784//941 1787//941
f 1754//942 1751//942 1752//942
f 1786//943 1783//943 1784//943
f 1771//944 1779//944 1773//944
f 1768//945 1766//945 1765//945
f 1790//946 1787//946 1789//946
f 1773//947 1770//947 1771//947
f 1774//948 1778//948 1779//948
f 1772//949 1769//949 1770//949
f 1723//950 1720//950 1722//950
f 1777//951 1775//951 1776//951
f 1785//952 1782//952 1783//952
f 1780//953 1765//953 1767//953
f 1792//954 1789//954 1791//954
f 1767//955 1781//955 1780//955
f 1753//956 1749//956 1751//956
f 1741//957 1738//957 1739//957
f 1740//958 1747//958 1742//958
f 1761//959 1763//959 1764//959
f 1793//960 1791//960 1734//960
f 1726//961 1722//961 1724//961
f 1725//962 1728//962 1727//962
f 1727//963 1724//963 1725//963
f 1745//964 1748//964 1746//964
f 1732//921 1728//921 1729//921
f 1794//922 1793//922 1734//922
f 1731//965 1795//965 1735//965
f 1717//924 1716//924 1714//924
f 1716//966 1713//966 1712//966
f 1715//926 1719//926 1718//926
f 1795//927 1794//927 1736//927
f 1713//967 1716//967 1717//967
f 1717//928 1718//928 1721//928
f 1721//928 1723//928 1726//928
f 1726//968 1727//968 1721//968
f 1727//928 1728//928 1721//928
f 1728//969 1732//969 1733//969
f 1733//928 1735//928 1728//928
f 1735//928 1736//928 1728//928
f 1736//928 1734//928 1713//928
f 1734//928 1791//928 1762//928
f 1791//969 1789//969 1787//969
f 1787//928 1784//928 1783//928
f 1783//928 1782//928 1787//928
f 1782//928 1767//928 1787//928
f 1767//967 1765//967 1766//967
f 1766//928 1772//928 1767//928
f 1772//928 1773//928 1767//928
f 1773//970 1779//970 1778//970
f 1778//928 1777//928 1791//928
f 1777//928 1762//928 1791//928
f 1762//928 1761//928 1760//928
f 1760//928 1755//928 1762//928
f 1755//968 1756//968 1762//968
f 1756//928 1752//928 1751//928
f 1751//967 1749//967 1744//967
f 1744//967 1745//967 1743//967
f 1743//928 1740//928 1739//928
f 1739//928 1738//928 1762//928
f 1738//928 1713//928 1734//928
f 1713//928 1717//928 1721//928
f 1734//928 1762//928 1738//928
f 1791//928 1787//928 1778//928
f 1773//928 1778//928 1787//928
f 1756//928 1751//928 1762//928
f 1751//970 1744//970 1762//970
f 1744//928 1743//928 1739//928
f 1713//928 1721//928 1736//928
f 1721//928 1728//928 1736//928
f 1787//928 1767//928 1773//928
f 1714//929 1712//929 1793//929
f 1712//929 1737//929 1793//929
f 1737//929 1741//929 1742//929
f 1742//971 1747//971 1750//971
f 1747//929 1746//929 1750//929
f 1746//972 1748//972 1750//972
f 1750//929 1753//929 1758//929
f 1753//929 1754//929 1758//929
f 1754//972 1757//972 1758//972
f 1758//973 1759//973 1764//973
f 1764//974 1763//974 1742//974
f 1763//929 1776//929 1792//929
f 1742//929 1763//929 1737//929
f 1776//975 1775//975 1774//975
f 1774//929 1771//929 1776//929
f 1771//975 1770//975 1776//975
f 1770//929 1769//929 1768//929
f 1768//973 1780//973 1781//973
f 1781//929 1785//929 1786//929
f 1786//976 1788//976 1790//976
f 1790//929 1792//929 1776//929
f 1792//929 1793//929 1737//929
f 1793//929 1794//929 1795//929
f 1795//929 1731//929 1730//929
f 1730//929 1729//929 1795//929
f 1729//929 1725//929 1795//929
f 1725//972 1724//972 1722//972
f 1722//971 1720//971 1725//971
f 1720//929 1719//929 1725//929
f 1719//974 1715//974 1714//974
f 1758//929 1764//929 1742//929
f 1770//929 1768//929 1781//929
f 1781//929 1786//929 1790//929
f 1792//929 1737//929 1763//929
f 1793//929 1795//929 1714//929
f 1719//929 1714//929 1795//929
f 1742//929 1750//929 1758//929
f 1776//929 1770//929 1790//929
f 1770//929 1781//929 1790//929
f 1733//930 1732//930 1730//930
f 1721//931 1718//931 1719//931
f 1738//932 1737//932 1712//932
f 1744//933 1749//933 1750//933
f 1743//977 1745//977 1746//977
f 1742//935 1741//935 1739//935
f 1764//936 1759//936 1760//936
f 1755//978 1760//978 1759//978
f 1758//979 1757//979 1756//979
f 1757//939 1754//939 1752//939
f 1777//940 1776//940 1763//940
f 1788//941 1786//941 1784//941
f 1754//942 1753//942 1751//942
f 1786//943 1785//943 1783//943
f 1771//944 1774//944 1779//944
f 1768//945 1769//945 1766//945
f 1790//946 1788//946 1787//946
f 1773//947 1772//947 1770//947
f 1774//948 1775//948 1778//948
f 1772//949 1766//949 1769//949
f 1723//950 1721//950 1720//950
f 1777//951 1778//951 1775//951
f 1785//952 1781//952 1782//952
f 1780//953 1768//953 1765//953
f 1792//954 1790//954 1789//954
f 1767//980 1782//980 1781//980
f 1753//956 1750//956 1749//956
f 1741//957 1737//957 1738//957
f 1740//981 1743//981 1747//981
f 1761//959 1762//959 1763//959
f 1793//960 1792//960 1791//960
f 1726//961 1723//961 1722//961
f 1725//962 1729//962 1728//962
f 1727//963 1726//963 1724//963
f 1745//982 1744//982 1748//982
o 10
v 0.775158 0.130000 0.275000
v 0.775158 0.130000 0.185000
v 0.747158 0.130000 0.185000
v 0.747158 -0.130000 0.185000
v 0.775158 -0.130000 0.185000
v 0.747158 -0.130000 0.275000
v 0.747158 0.130000 0.275000
v 0.775158 -0.130000 0.275000
vn -0.0000 -0.0000 -1.0000
vn -0.0000 -0.0000 1.0000
vn -1.0000 -0.0000 -0.0000
vn 1.0000 -0.0000 -0.0000
vn -0.0000 -1.0000 -0.0000
s 0
usemtl black
f 1797//983 1799//983 1798//983
f 1803//984 1802//984 1801//984
f 1799//985 1802//985 1798//985
f 1797//986 1803//986 1800//986
f 1801//987 1800//987 1803//987
f 1797//983 1800//983 1799//983
f 1803//984 1796//984 1802//984
f 1799//985 1801//985 1802//985
f 1797//986 1796//986 1803//986
f 1801//987 1799//987 1800//987
